[{"pk": 1, "model": "contenttypes.contenttype", "fields": {"model": "logentry", "name": "log entry", "app_label": "admin"}}, {"pk": 2, "model": "contenttypes.contenttype", "fields": {"model": "permission", "name": "permission", "app_label": "auth"}}, {"pk": 3, "model": "contenttypes.contenttype", "fields": {"model": "group", "name": "group", "app_label": "auth"}}, {"pk": 4, "model": "contenttypes.contenttype", "fields": {"model": "user", "name": "user", "app_label": "auth"}}, {"pk": 5, "model": "contenttypes.contenttype", "fields": {"model": "contenttype", "name": "content type", "app_label": "contenttypes"}}, {"pk": 6, "model": "contenttypes.contenttype", "fields": {"model": "session", "name": "session", "app_label": "sessions"}}, {"pk": 7, "model": "contenttypes.contenttype", "fields": {"model": "languagepair", "name": "language pair", "app_label": "userprofile"}}, {"pk": 8, "model": "contenttypes.contenttype", "fields": {"model": "language", "name": "language", "app_label": "texts"}}, {"pk": 9, "model": "contenttypes.contenttype", "fields": {"model": "errorcode", "name": "error code", "app_label": "texts"}}, {"pk": 10, "model": "contenttypes.contenttype", "fields": {"model": "error", "name": "error", "app_label": "texts"}}, {"pk": 11, "model": "contenttypes.contenttype", "fields": {"model": "sourcetext", "name": "source text", "app_label": "texts"}}, {"pk": 12, "model": "contenttypes.contenttype", "fields": {"model": "sourcereviewqueue", "name": "source review queue", "app_label": "texts"}}, {"pk": 13, "model": "contenttypes.contenttype", "fields": {"model": "sourcediscrepancyqueue", "name": "source discrepancy queue", "app_label": "texts"}}, {"pk": 14, "model": "contenttypes.contenttype", "fields": {"model": "targettext", "name": "target text", "app_label": "texts"}}, {"pk": 15, "model": "contenttypes.contenttype", "fields": {"model": "exam", "name": "exam", "app_label": "texts"}}, {"pk": 16, "model": "contenttypes.contenttype", "fields": {"model": "graderqueue", "name": "grader queue", "app_label": "texts"}}, {"pk": 17, "model": "contenttypes.contenttype", "fields": {"model": "targetreviewqueue", "name": "target review queue", "app_label": "texts"}}, {"pk": 18, "model": "contenttypes.contenttype", "fields": {"model": "targetinputqueue", "name": "target input queue", "app_label": "texts"}}, {"pk": 19, "model": "contenttypes.contenttype", "fields": {"model": "discrepancy", "name": "discrepancy", "app_label": "texts"}}, {"pk": 21, "model": "contenttypes.contenttype", "fields": {"model": "record", "name": "record", "app_label": "records"}}, {"pk": 22, "model": "contenttypes.contenttype", "fields": {"model": "errorjson", "name": "error json", "app_label": "texts"}}, {"pk": "5glaqqkm4z7gwx0t1hzf34objer5xd0r", "model": "sessions.session", "fields": {"expire_date": "2014-04-04T22:57:17Z", "session_data": "NzViZmMwODJlOGNhMjI5ODY5ODVjZmJhM2EzYmVmYzI5NDczYjUyNjp7fQ=="}}, {"pk": "jea5danhxsiiplyvbvsqkeewa9h4wu0l", "model": "sessions.session", "fields": {"expire_date": "2014-04-04T21:42:07Z", "session_data": "Mzc3ZDJhYTZmZTUxOWM4YTFkMzNhYjlkOTJkMzM4ZWExZDljOGEyMjp7Il9hdXRoX3VzZXJfYmFja2VuZCI6ImRqYW5nby5jb250cmliLmF1dGguYmFja2VuZHMuTW9kZWxCYWNrZW5kIiwiX2F1dGhfdXNlcl9pZCI6MX0="}}, {"pk": 1, "model": "texts.language", "fields": {"displayName": "Arabic", "language": "ara"}}, {"pk": 2, "model": "texts.language", "fields": {"displayName": "Chinese", "language": "chi"}}, {"pk": 3, "model": "texts.language", "fields": {"displayName": "Dutch", "language": "dut"}}, {"pk": 4, "model": "texts.language", "fields": {"displayName": "English", "language": "eng"}}, {"pk": 5, "model": "texts.language", "fields": {"displayName": "Finnish", "language": "fin"}}, {"pk": 6, "model": "texts.language", "fields": {"displayName": "French", "language": "fre"}}, {"pk": 7, "model": "texts.language", "fields": {"displayName": "German", "language": "ger"}}, {"pk": 8, "model": "texts.language", "fields": {"displayName": "Croation", "language": "hrv"}}, {"pk": 9, "model": "texts.language", "fields": {"displayName": "Hungarian", "language": "hun"}}, {"pk": 10, "model": "texts.language", "fields": {"displayName": "Italian", "language": "ita"}}, {"pk": 11, "model": "texts.language", "fields": {"displayName": "Japanese", "language": "jpn"}}, {"pk": 12, "model": "texts.language", "fields": {"displayName": "Polish", "language": "pol"}}, {"pk": 13, "model": "texts.language", "fields": {"displayName": "Portuguese", "language": "por"}}, {"pk": 14, "model": "texts.language", "fields": {"displayName": "Russian", "language": "rus"}}, {"pk": 15, "model": "texts.language", "fields": {"displayName": "Spanish", "language": "spa"}}, {"pk": 1, "model": "texts.errorcode", "fields": {"errorCode": "UNF", "displayName": "Unfinished", "displayColor": "Red"}}, {"pk": 2, "model": "texts.errorcode", "fields": {"errorCode": "Ill", "displayName": "Illegible", "displayColor": "OrangeRed"}}, {"pk": 3, "model": "texts.errorcode", "fields": {"errorCode": "OTH", "displayName": "Other", "displayColor": "Orange"}}, {"pk": 4, "model": "texts.errorcode", "fields": {"errorCode": "MT", "displayName": "Mistranslation into target language", "displayColor": "FireBrick"}}, {"pk": 5, "model": "texts.errorcode", "fields": {"errorCode": "MU", "displayName": "Misunderstanding of source text", "displayColor": "LightCoral"}}, {"pk": 6, "model": "texts.errorcode", "fields": {"errorCode": "A", "displayName": "Addition", "displayColor": "Magenta"}}, {"pk": 7, "model": "texts.errorcode", "fields": {"errorCode": "O", "displayName": "Ommission", "displayColor": "Maroon"}}, {"pk": 8, "model": "texts.errorcode", "fields": {"errorCode": "T", "displayName": "Terminology, word choice", "displayColor": "MediumVioletRed"}}, {"pk": 9, "model": "texts.errorcode", "fields": {"errorCode": "R", "displayName": "Register", "displayColor": "Orchid"}}, {"pk": 10, "model": "texts.errorcode", "fields": {"errorCode": "F", "displayName": "Too freely translated", "displayColor": "PaleVioletRed"}}, {"pk": 11, "model": "texts.errorcode", "fields": {"errorCode": "L", "displayName": "Too literal, word-for-word translation", "displayColor": "Pink"}}, {"pk": 12, "model": "texts.errorcode", "fields": {"errorCode": "FC", "displayName": "False cognate", "displayColor": "Plum"}}, {"pk": 13, "model": "texts.errorcode", "fields": {"errorCode": "IND", "displayName": "Indecision, gave more than one option", "displayColor": "Purple"}}, {"pk": 14, "model": "texts.errorcode", "fields": {"errorCode": "I", "displayName": "Inconsistency", "displayColor": "Salmon"}}, {"pk": 15, "model": "texts.errorcode", "fields": {"errorCode": "AMB", "displayName": "Ambiguity", "displayColor": "Tomato"}}, {"pk": 16, "model": "texts.errorcode", "fields": {"errorCode": "G", "displayName": "Grammar", "displayColor": "Blue"}}, {"pk": 17, "model": "texts.errorcode", "fields": {"errorCode": "SY", "displayName": "Syntax(phrase/clause/sentence structure)", "displayColor": "LightBlue"}}, {"pk": 18, "model": "texts.errorcode", "fields": {"errorCode": "P", "displayName": "Punctuation", "displayColor": "Navy"}}, {"pk": 19, "model": "texts.errorcode", "fields": {"errorCode": "SP", "displayName": "Spelling", "displayColor": "Green"}}, {"pk": 20, "model": "texts.errorcode", "fields": {"errorCode": "D", "displayName": "Accents, other diacritical marks", "displayColor": "RoyalBlue"}}, {"pk": 21, "model": "texts.errorcode", "fields": {"errorCode": "C", "displayName": "Case(upper/lower)", "displayColor": "SpringGreen"}}, {"pk": 22, "model": "texts.errorcode", "fields": {"errorCode": "WF", "displayName": "Word form", "displayColor": "YellowGreen"}}, {"pk": 23, "model": "texts.errorcode", "fields": {"errorCode": "U", "displayName": "Usage", "displayColor": "Chartreuse"}}, {"pk": 24, "model": "texts.errorcode", "fields": {"errorCode": "ST", "displayName": "Style", "displayColor": "Lime"}}, {"pk": 1, "model": "texts.error", "fields": {"targetPhrase": "\u0433\u043b\u043e\u0431\u0430\u043b\u0438\u0437\u0430\u0446\u0438\u0438", "comment": "spelling error!", "exam": 1, "errorCode": 19, "sourcePhrase": "globalization", "pointsDeducted": 2, "passageLetter": "A"}}, {"pk": 2, "model": "texts.error", "fields": {"targetPhrase": "\u0434\u043b\u044f \u0434\u043e\u0431\u0440\u043e\u0436\u0435\u043b\u0430\u0442\u0435\u043b\u044c\u043d\u044b\u0435 \u043f\u0440\u0430\u0432\u0438\u0442\u0435\u043b\u044c\u0441\u0442\u0432\u0430", "comment": "cant read", "exam": 1, "errorCode": 2, "sourcePhrase": "benign market forces actually prevent predatory governments", "pointsDeducted": 4, "passageLetter": "A"}}, {"pk": 3, "model": "texts.error", "fields": {"targetPhrase": "\u0418 \u0440\u0430\u0437\u0432\u0435 \u0433\u043b\u043e\u0431\u0430\u043b\u0438\u0437\u0430\u0446\u0438\u044f , \u043f\u043e \u043e\u043f\u0440\u0435\u0434\u0435\u043b\u0435\u043d\u0438\u044e, \u0434\u043e\u043b\u0436\u043d\u044b \u0431\u044b\u0442\u044c \u0432\u043e\u0437\u043c\u0435\u0437\u0434\u0438\u0435\u043c \u043d\u0430\u0446\u0438\u043e\u043d\u0430\u043b\u044c\u043d\u043e\u0433\u043e \u043f\u0440\u0430\u0432\u0438\u0442\u0435\u043b\u044c\u0441\u0442\u0432\u0430 ?", "comment": "test grammar error", "exam": 1, "errorCode": 16, "sourcePhrase": "And does globalization, by definition, have to be the nemesis of national government?", "pointsDeducted": 3, "passageLetter": "A"}}, {"pk": 4, "model": "texts.error", "fields": {"targetPhrase": "\u0447\u0435\u043c ,", "comment": "missing period.", "exam": 1, "errorCode": 18, "sourcePhrase": "a world.", "pointsDeducted": 1, "passageLetter": "A"}}, {"pk": 1, "model": "texts.exam", "fields": {"targetText1": 1, "targetText2": 2, "language": 14, "grader1": 36, "grader2": 38, "grader3": 36, "examNumber": "11111", "aPassageMarkings": false, "sourceText1": 1, "sourceText2": 2, "grader4": 37, "secondPassage": "B", "secondPassageMarkings": false}}, {"pk": 2, "model": "texts.exam", "fields": {"targetText1": 3, "targetText2": 4, "language": 15, "grader1": 20, "grader2": 18, "grader3": 18, "examNumber": "22222", "aPassageMarkings": false, "sourceText1": 4, "sourceText2": 6, "grader4": 19, "secondPassage": "C", "secondPassageMarkings": false}}, {"pk": 3, "model": "texts.exam", "fields": {"targetText1": 5, "targetText2": 6, "language": 1, "grader1": 16, "grader2": 19, "grader3": 17, "examNumber": "33333", "aPassageMarkings": false, "sourceText1": 7, "sourceText2": 8, "grader4": 17, "secondPassage": "B", "secondPassageMarkings": false}}, {"pk": 4, "model": "texts.exam", "fields": {"targetText1": 7, "targetText2": 8, "language": 11, "grader1": 10, "grader2": 15, "grader3": 12, "examNumber": "44444", "aPassageMarkings": false, "sourceText1": 10, "sourceText2": 11, "grader4": 13, "secondPassage": "B", "secondPassageMarkings": false}}, {"pk": 1, "model": "texts.graderqueue", "fields": {"exam": 1}}, {"pk": 2, "model": "texts.graderqueue", "fields": {"exam": 2}}, {"pk": 3, "model": "texts.graderqueue", "fields": {"exam": 3}}, {"pk": 4, "model": "texts.graderqueue", "fields": {"exam": 4}}, {"pk": 1, "model": "auth.permission", "fields": {"codename": "add_logentry", "name": "Can add log entry", "content_type": 1}}, {"pk": 2, "model": "auth.permission", "fields": {"codename": "change_logentry", "name": "Can change log entry", "content_type": 1}}, {"pk": 3, "model": "auth.permission", "fields": {"codename": "delete_logentry", "name": "Can delete log entry", "content_type": 1}}, {"pk": 4, "model": "auth.permission", "fields": {"codename": "add_permission", "name": "Can add permission", "content_type": 2}}, {"pk": 5, "model": "auth.permission", "fields": {"codename": "change_permission", "name": "Can change permission", "content_type": 2}}, {"pk": 6, "model": "auth.permission", "fields": {"codename": "delete_permission", "name": "Can delete permission", "content_type": 2}}, {"pk": 7, "model": "auth.permission", "fields": {"codename": "add_group", "name": "Can add group", "content_type": 3}}, {"pk": 8, "model": "auth.permission", "fields": {"codename": "change_group", "name": "Can change group", "content_type": 3}}, {"pk": 9, "model": "auth.permission", "fields": {"codename": "delete_group", "name": "Can delete group", "content_type": 3}}, {"pk": 10, "model": "auth.permission", "fields": {"codename": "add_user", "name": "Can add user", "content_type": 4}}, {"pk": 11, "model": "auth.permission", "fields": {"codename": "change_user", "name": "Can change user", "content_type": 4}}, {"pk": 12, "model": "auth.permission", "fields": {"codename": "delete_user", "name": "Can delete user", "content_type": 4}}, {"pk": 13, "model": "auth.permission", "fields": {"codename": "add_contenttype", "name": "Can add content type", "content_type": 5}}, {"pk": 14, "model": "auth.permission", "fields": {"codename": "change_contenttype", "name": "Can change content type", "content_type": 5}}, {"pk": 15, "model": "auth.permission", "fields": {"codename": "delete_contenttype", "name": "Can delete content type", "content_type": 5}}, {"pk": 16, "model": "auth.permission", "fields": {"codename": "add_session", "name": "Can add session", "content_type": 6}}, {"pk": 17, "model": "auth.permission", "fields": {"codename": "change_session", "name": "Can change session", "content_type": 6}}, {"pk": 18, "model": "auth.permission", "fields": {"codename": "delete_session", "name": "Can delete session", "content_type": 6}}, {"pk": 19, "model": "auth.permission", "fields": {"codename": "add_languagepair", "name": "Can add language pair", "content_type": 7}}, {"pk": 20, "model": "auth.permission", "fields": {"codename": "change_languagepair", "name": "Can change language pair", "content_type": 7}}, {"pk": 21, "model": "auth.permission", "fields": {"codename": "delete_languagepair", "name": "Can delete language pair", "content_type": 7}}, {"pk": 22, "model": "auth.permission", "fields": {"codename": "add_language", "name": "Can add language", "content_type": 8}}, {"pk": 23, "model": "auth.permission", "fields": {"codename": "change_language", "name": "Can change language", "content_type": 8}}, {"pk": 24, "model": "auth.permission", "fields": {"codename": "delete_language", "name": "Can delete language", "content_type": 8}}, {"pk": 25, "model": "auth.permission", "fields": {"codename": "add_errorcode", "name": "Can add error code", "content_type": 9}}, {"pk": 26, "model": "auth.permission", "fields": {"codename": "change_errorcode", "name": "Can change error code", "content_type": 9}}, {"pk": 27, "model": "auth.permission", "fields": {"codename": "delete_errorcode", "name": "Can delete error code", "content_type": 9}}, {"pk": 28, "model": "auth.permission", "fields": {"codename": "add_error", "name": "Can add error", "content_type": 10}}, {"pk": 29, "model": "auth.permission", "fields": {"codename": "change_error", "name": "Can change error", "content_type": 10}}, {"pk": 30, "model": "auth.permission", "fields": {"codename": "delete_error", "name": "Can delete error", "content_type": 10}}, {"pk": 31, "model": "auth.permission", "fields": {"codename": "add_sourcetext", "name": "Can add source text", "content_type": 11}}, {"pk": 32, "model": "auth.permission", "fields": {"codename": "change_sourcetext", "name": "Can change source text", "content_type": 11}}, {"pk": 33, "model": "auth.permission", "fields": {"codename": "delete_sourcetext", "name": "Can delete source text", "content_type": 11}}, {"pk": 34, "model": "auth.permission", "fields": {"codename": "add_sourcereviewqueue", "name": "Can add source review queue", "content_type": 12}}, {"pk": 35, "model": "auth.permission", "fields": {"codename": "change_sourcereviewqueue", "name": "Can change source review queue", "content_type": 12}}, {"pk": 36, "model": "auth.permission", "fields": {"codename": "delete_sourcereviewqueue", "name": "Can delete source review queue", "content_type": 12}}, {"pk": 37, "model": "auth.permission", "fields": {"codename": "add_sourcediscrepancyqueue", "name": "Can add source discrepancy queue", "content_type": 13}}, {"pk": 38, "model": "auth.permission", "fields": {"codename": "change_sourcediscrepancyqueue", "name": "Can change source discrepancy queue", "content_type": 13}}, {"pk": 39, "model": "auth.permission", "fields": {"codename": "delete_sourcediscrepancyqueue", "name": "Can delete source discrepancy queue", "content_type": 13}}, {"pk": 40, "model": "auth.permission", "fields": {"codename": "add_targettext", "name": "Can add target text", "content_type": 14}}, {"pk": 41, "model": "auth.permission", "fields": {"codename": "change_targettext", "name": "Can change target text", "content_type": 14}}, {"pk": 42, "model": "auth.permission", "fields": {"codename": "delete_targettext", "name": "Can delete target text", "content_type": 14}}, {"pk": 43, "model": "auth.permission", "fields": {"codename": "add_exam", "name": "Can add exam", "content_type": 15}}, {"pk": 44, "model": "auth.permission", "fields": {"codename": "change_exam", "name": "Can change exam", "content_type": 15}}, {"pk": 45, "model": "auth.permission", "fields": {"codename": "delete_exam", "name": "Can delete exam", "content_type": 15}}, {"pk": 46, "model": "auth.permission", "fields": {"codename": "add_graderqueue", "name": "Can add grader queue", "content_type": 16}}, {"pk": 47, "model": "auth.permission", "fields": {"codename": "change_graderqueue", "name": "Can change grader queue", "content_type": 16}}, {"pk": 48, "model": "auth.permission", "fields": {"codename": "delete_graderqueue", "name": "Can delete grader queue", "content_type": 16}}, {"pk": 49, "model": "auth.permission", "fields": {"codename": "add_targetreviewqueue", "name": "Can add target review queue", "content_type": 17}}, {"pk": 50, "model": "auth.permission", "fields": {"codename": "change_targetreviewqueue", "name": "Can change target review queue", "content_type": 17}}, {"pk": 51, "model": "auth.permission", "fields": {"codename": "delete_targetreviewqueue", "name": "Can delete target review queue", "content_type": 17}}, {"pk": 52, "model": "auth.permission", "fields": {"codename": "add_targetinputqueue", "name": "Can add target input queue", "content_type": 18}}, {"pk": 53, "model": "auth.permission", "fields": {"codename": "change_targetinputqueue", "name": "Can change target input queue", "content_type": 18}}, {"pk": 54, "model": "auth.permission", "fields": {"codename": "delete_targetinputqueue", "name": "Can delete target input queue", "content_type": 18}}, {"pk": 55, "model": "auth.permission", "fields": {"codename": "add_discrepancy", "name": "Can add discrepancy", "content_type": 19}}, {"pk": 56, "model": "auth.permission", "fields": {"codename": "change_discrepancy", "name": "Can change discrepancy", "content_type": 19}}, {"pk": 57, "model": "auth.permission", "fields": {"codename": "delete_discrepancy", "name": "Can delete discrepancy", "content_type": 19}}, {"pk": 61, "model": "auth.permission", "fields": {"codename": "add_record", "name": "Can add record", "content_type": 21}}, {"pk": 62, "model": "auth.permission", "fields": {"codename": "change_record", "name": "Can change record", "content_type": 21}}, {"pk": 63, "model": "auth.permission", "fields": {"codename": "delete_record", "name": "Can delete record", "content_type": 21}}, {"pk": 64, "model": "auth.permission", "fields": {"codename": "add_errorjson", "name": "Can add error json", "content_type": 22}}, {"pk": 65, "model": "auth.permission", "fields": {"codename": "change_errorjson", "name": "Can change error json", "content_type": 22}}, {"pk": 66, "model": "auth.permission", "fields": {"codename": "delete_errorjson", "name": "Can delete error json", "content_type": 22}}, {"pk": 1, "model": "auth.group", "fields": {"name": "Administrator", "permissions": [1, 2, 3, 7, 8, 9, 4, 5, 6, 10, 11, 12, 13, 14, 15, 61, 62, 63, 16, 17, 18, 55, 56, 57, 28, 29, 30, 25, 26, 27, 43, 44, 45, 46, 47, 48, 22, 23, 24, 37, 38, 39, 34, 35, 36, 31, 32, 33, 52, 53, 54, 49, 50, 51, 40, 41, 42, 19, 20, 21]}}, {"pk": 2, "model": "auth.group", "fields": {"name": "Grader", "permissions": [13, 14, 61, 62, 55, 56, 57, 28, 29, 30, 25, 26, 43, 44, 46, 47, 48, 22, 23, 37, 38, 39, 34, 35, 36, 31, 32, 33, 52, 53, 54, 49, 50, 51, 40, 41, 42, 19, 20, 21]}}, {"pk": 3, "model": "auth.group", "fields": {"name": "Importer", "permissions": [61, 62, 55, 56, 43, 44, 46, 37, 38, 34, 35, 31, 32, 52, 53, 49, 50, 40, 41]}}, {"pk": 1, "model": "auth.user", "fields": {"username": "sirk", "first_name": "", "last_name": "", "is_active": true, "is_superuser": true, "is_staff": true, "last_login": "2014-03-21T21:42:07Z", "groups": [1], "user_permissions": [], "password": "pbkdf2_sha256$12000$Z4mCQalcJ8bK$hiJKo275RMA0HXXpFY7iCgHBpZVa/nXnU9d6O57BAZs=", "email": "kcofojoh@kent.edu", "date_joined": "2014-03-13T21:00:46Z"}}, {"pk": 2, "model": "auth.user", "fields": {"username": "admin", "first_name": "", "last_name": "", "is_active": true, "is_superuser": true, "is_staff": true, "last_login": "2014-03-07T00:00:00Z", "groups": [], "user_permissions": [], "password": "password", "email": "", "date_joined": "2014-03-01T00:00:00Z"}}, {"pk": 3, "model": "auth.user", "fields": {"username": "drago", "first_name": "ivan", "last_name": "drago", "is_active": true, "is_superuser": false, "is_staff": false, "last_login": "2014-03-14T05:32:25Z", "groups": [2, 3], "user_permissions": [], "password": "pbkdf2_sha256$12000$tZaxwIpXwwXS$SxXJwGGAZXaMwNkX1HLCQ2ZkmuZo8jxqX8DeJqlmsBU=", "email": "", "date_joined": "2014-03-14T05:32:25Z"}}, {"pk": 4, "model": "auth.user", "fields": {"username": "alice", "first_name": "alice", "last_name": "", "is_active": true, "is_superuser": false, "is_staff": false, "last_login": "2014-03-14T05:42:33Z", "groups": [3], "user_permissions": [], "password": "pbkdf2_sha256$12000$0NeWosE4TeFZ$KgIFYFjuuxV015oUYXerecWH6WOzacn/cyr9qLIiVHQ=", "email": "", "date_joined": "2014-03-14T05:42:33Z"}}, {"pk": 5, "model": "auth.user", "fields": {"username": "bill", "first_name": "bill", "last_name": "", "is_active": true, "is_superuser": false, "is_staff": false, "last_login": "2014-03-14T05:42:42Z", "groups": [3], "user_permissions": [], "password": "pbkdf2_sha256$12000$Day45O4ztfWf$DaUhFNDsNcjOXEMV7ZZNfLHMxkgCz6JIVXfXeRXZij0=", "email": "", "date_joined": "2014-03-14T05:42:42Z"}}, {"pk": 6, "model": "auth.user", "fields": {"username": "charles", "first_name": "", "last_name": "", "is_active": true, "is_superuser": false, "is_staff": false, "last_login": "2014-03-14T05:42:50Z", "groups": [], "user_permissions": [], "password": "pbkdf2_sha256$12000$4Fjbb9ZTAUfA$8dDMMaP554/rjOnTukMjQShX89ZSAwm1JlVOa33YrxE=", "email": "", "date_joined": "2014-03-14T05:42:50Z"}}, {"pk": 7, "model": "auth.user", "fields": {"username": "ali", "first_name": "ali", "last_name": "baba", "is_active": true, "is_superuser": false, "is_staff": false, "last_login": "2014-03-14T05:43:35Z", "groups": [2, 3], "user_permissions": [], "password": "pbkdf2_sha256$12000$1NbRZ5VTWsUI$3Cq0WYGWvrqC1x42C46BCtBFWiLBFXUnK/5dLyYWKIY=", "email": "", "date_joined": "2014-03-14T05:43:35Z"}}, {"pk": 9, "model": "auth.user", "fields": {"username": "lee", "first_name": "", "last_name": "", "is_active": true, "is_superuser": false, "is_staff": false, "last_login": "2014-03-14T05:46:08Z", "groups": [2, 3], "user_permissions": [], "password": "pbkdf2_sha256$12000$pT8cS56jLYbE$oDvAhjN4bFmEyDRmtVDlT7xvGhKIe89MVszmOOsXrcg=", "email": "", "date_joined": "2014-03-14T05:46:08Z"}}, {"pk": 10, "model": "auth.user", "fields": {"username": "edward", "first_name": "", "last_name": "", "is_active": true, "is_superuser": false, "is_staff": false, "last_login": "2014-03-14T05:47:58Z", "groups": [], "user_permissions": [], "password": "pbkdf2_sha256$12000$UHufaRV7tqP6$SXPGjXHINYB1MkbwRvvrTl2RHgJpP+Gm41KNEaIwoJg=", "email": "", "date_joined": "2014-03-14T05:47:58Z"}}, {"pk": 11, "model": "auth.user", "fields": {"username": "frank", "first_name": "", "last_name": "", "is_active": true, "is_superuser": false, "is_staff": false, "last_login": "2014-03-14T05:48:19Z", "groups": [], "user_permissions": [], "password": "pbkdf2_sha256$12000$XAvS3GJLqSFc$z/mhEQt8q9566vp1q28/6R2v/XAc7x/+NGG254fRHks=", "email": "", "date_joined": "2014-03-14T05:48:19Z"}}, {"pk": 12, "model": "auth.user", "fields": {"username": "grace", "first_name": "", "last_name": "", "is_active": true, "is_superuser": false, "is_staff": false, "last_login": "2014-03-14T05:48:33Z", "groups": [], "user_permissions": [], "password": "pbkdf2_sha256$12000$IEBSfGRGs9CL$oBhvqpEuu1Hp0bpNoS2bmqr+zbEoEzkVxZwRY/gWyu0=", "email": "", "date_joined": "2014-03-14T05:48:33Z"}}, {"pk": 13, "model": "auth.user", "fields": {"username": "henry", "first_name": "", "last_name": "", "is_active": true, "is_superuser": false, "is_staff": false, "last_login": "2014-03-14T05:48:51Z", "groups": [], "user_permissions": [], "password": "pbkdf2_sha256$12000$kG9l994MbeZE$0nl/RlIL0iRoyadZKzwZ/j4IIBp9oMgF+1kLziDJjTc=", "email": "", "date_joined": "2014-03-14T05:48:51Z"}}, {"pk": 14, "model": "auth.user", "fields": {"username": "ivana", "first_name": "ivana", "last_name": "", "is_active": true, "is_superuser": false, "is_staff": false, "last_login": "2014-03-14T05:49:11Z", "groups": [2, 3], "user_permissions": [], "password": "pbkdf2_sha256$12000$HkyKSavbAGwe$8rDNR1BzAf9Mrq9Th0TnPtfy1ocDU3aMJ9ljeMWQTAA=", "email": "", "date_joined": "2014-03-14T05:49:11Z"}}, {"pk": 15, "model": "auth.user", "fields": {"username": "john", "first_name": "", "last_name": "", "is_active": true, "is_superuser": false, "is_staff": false, "last_login": "2014-03-14T05:49:26Z", "groups": [], "user_permissions": [], "password": "pbkdf2_sha256$12000$c9ZEmbbdHx8v$xIEBZVVXqyJeafzkDGYS9IrnXhauNKGnRpqUXvQquT4=", "email": "", "date_joined": "2014-03-14T05:49:26Z"}}, {"pk": 16, "model": "auth.user", "fields": {"username": "kurt", "first_name": "", "last_name": "", "is_active": true, "is_superuser": false, "is_staff": false, "last_login": "2014-03-14T05:50:15Z", "groups": [], "user_permissions": [], "password": "pbkdf2_sha256$12000$i8J8ocjmmB2q$t3a+dTFcEI1l1L/Lbagd+XhRQRq8VdaoJD4iF9vuwiE=", "email": "", "date_joined": "2014-03-14T05:50:15Z"}}, {"pk": 17, "model": "auth.user", "fields": {"username": "ming", "first_name": "ming", "last_name": "", "is_active": true, "is_superuser": false, "is_staff": false, "last_login": "2014-03-14T05:50:38Z", "groups": [2, 3], "user_permissions": [], "password": "pbkdf2_sha256$12000$tmIL8Tam0mo0$gslX+jRCnhgWvwdgA+0p5t7u6/l/Ir1yUx2Jy7JvAKo=", "email": "", "date_joined": "2014-03-14T05:50:38Z"}}, {"pk": 18, "model": "auth.user", "fields": {"username": "nancy", "first_name": "", "last_name": "", "is_active": true, "is_superuser": false, "is_staff": false, "last_login": "2014-03-14T05:51:03Z", "groups": [], "user_permissions": [], "password": "pbkdf2_sha256$12000$HQdaDOiHgYzD$lyR0YhxzqSH29mxmg1fw7qaCGJZfS2aW0I1sCMG7BYA=", "email": "", "date_joined": "2014-03-14T05:51:03Z"}}, {"pk": 19, "model": "auth.user", "fields": {"username": "oscar", "first_name": "", "last_name": "", "is_active": true, "is_superuser": false, "is_staff": false, "last_login": "2014-03-14T05:51:20Z", "groups": [2, 3], "user_permissions": [], "password": "pbkdf2_sha256$12000$94Wx9X7Qq7Ai$o8ydJaJbh+GWPVlMJ5qGwOqgS0OmWCgf7D1vjFyfiy8=", "email": "", "date_joined": "2014-03-14T05:51:20Z"}}, {"pk": 20, "model": "auth.user", "fields": {"username": "penny", "first_name": "", "last_name": "", "is_active": true, "is_superuser": false, "is_staff": false, "last_login": "2014-03-14T05:51:30Z", "groups": [], "user_permissions": [], "password": "pbkdf2_sha256$12000$YoeuZdaOHqik$XKqR32GAd/IH19pjxWSlQ7YkOcnCvWqMz4NkWNnH2Ng=", "email": "", "date_joined": "2014-03-14T05:51:30Z"}}, {"pk": 21, "model": "auth.user", "fields": {"username": "quinn", "first_name": "", "last_name": "", "is_active": true, "is_superuser": false, "is_staff": false, "last_login": "2014-03-14T05:51:57Z", "groups": [], "user_permissions": [], "password": "pbkdf2_sha256$12000$R6Zy7hDiK1vP$buEewco1VuotN74e8ndYdhAXOFtZWmYdWQtKn9lImgM=", "email": "", "date_joined": "2014-03-14T05:51:57Z"}}, {"pk": 22, "model": "auth.user", "fields": {"username": "romeo", "first_name": "", "last_name": "", "is_active": true, "is_superuser": false, "is_staff": false, "last_login": "2014-03-14T05:52:06Z", "groups": [2, 3], "user_permissions": [], "password": "pbkdf2_sha256$12000$wtbu2fYr8ff6$YYv+NM722deMiDFiBEqEn9dcJEbGQs1pFc+FNP8r2Kw=", "email": "", "date_joined": "2014-03-14T05:52:06Z"}}, {"pk": 23, "model": "auth.user", "fields": {"username": "sandra", "first_name": "", "last_name": "", "is_active": true, "is_superuser": false, "is_staff": false, "last_login": "2014-03-14T05:53:49Z", "groups": [2, 3], "user_permissions": [], "password": "pbkdf2_sha256$12000$jxIS67vf1hz8$J8Czwr7TAC0mcFcW1d4LHY0WinjVFHp7A3xR3hKDhXA=", "email": "", "date_joined": "2014-03-14T05:53:49Z"}}, {"pk": 24, "model": "auth.user", "fields": {"username": "trip", "first_name": "", "last_name": "", "is_active": true, "is_superuser": false, "is_staff": false, "last_login": "2014-03-14T05:54:43Z", "groups": [], "user_permissions": [], "password": "pbkdf2_sha256$12000$da9GgopGgYO5$xLxU52b5ygvUu8DXfjQYR6bGznAfUJlRQmlVAopKGZA=", "email": "", "date_joined": "2014-03-14T05:54:43Z"}}, {"pk": 25, "model": "auth.user", "fields": {"username": "ulysses", "first_name": "", "last_name": "", "is_active": true, "is_superuser": false, "is_staff": false, "last_login": "2014-03-14T05:54:58Z", "groups": [3], "user_permissions": [], "password": "pbkdf2_sha256$12000$VYi774zwdILa$/0uz8I516q7yF1i1oqze7gh/htcuv9co2GOnty8bgQg=", "email": "", "date_joined": "2014-03-14T05:54:58Z"}}, {"pk": 26, "model": "auth.user", "fields": {"username": "victor", "first_name": "", "last_name": "", "is_active": true, "is_superuser": false, "is_staff": false, "last_login": "2014-03-14T05:55:10Z", "groups": [2, 3], "user_permissions": [], "password": "pbkdf2_sha256$12000$9yqFMSQCodpP$FbYfG19ym6AuA780JRUaWDACQwRFjw5sCJDbk96udL4=", "email": "", "date_joined": "2014-03-14T05:55:10Z"}}, {"pk": 27, "model": "auth.user", "fields": {"username": "walter", "first_name": "", "last_name": "", "is_active": true, "is_superuser": false, "is_staff": false, "last_login": "2014-03-14T05:55:25Z", "groups": [2, 3], "user_permissions": [], "password": "pbkdf2_sha256$12000$YcJzNmoE0r0W$/wGoYkEiXgBt42cbeTsiJ0/sh/wneDBmsosq/Z2JeoI=", "email": "", "date_joined": "2014-03-14T05:55:25Z"}}, {"pk": 28, "model": "auth.user", "fields": {"username": "xavier", "first_name": "", "last_name": "", "is_active": true, "is_superuser": false, "is_staff": false, "last_login": "2014-03-14T05:56:02Z", "groups": [2, 3], "user_permissions": [], "password": "pbkdf2_sha256$12000$VaC4o2VAX3q1$fb8DTLBQU0ezt5CADbEj0bUOS6CYNLHSU+zg8TqbNKM=", "email": "", "date_joined": "2014-03-14T05:56:02Z"}}, {"pk": 29, "model": "auth.user", "fields": {"username": "ye", "first_name": "ye", "last_name": "", "is_active": true, "is_superuser": false, "is_staff": false, "last_login": "2014-03-14T05:56:09Z", "groups": [2, 3], "user_permissions": [], "password": "pbkdf2_sha256$12000$uQxRF7w4dHPM$4YqS12Po/Km1QOgMKZGMNvt5Pnf7eSTIv48ppDMJ43Q=", "email": "", "date_joined": "2014-03-14T05:56:09Z"}}, {"pk": 30, "model": "auth.user", "fields": {"username": "zhao", "first_name": "zhao", "last_name": "", "is_active": true, "is_superuser": false, "is_staff": false, "last_login": "2014-03-14T05:56:40Z", "groups": [2, 3], "user_permissions": [], "password": "pbkdf2_sha256$12000$5lRwONjxpwE1$FG2PByRIObVOSX6zjiqqILesdcwoek3fk8GpvwvtNYc=", "email": "", "date_joined": "2014-03-14T05:56:40Z"}}, {"pk": 31, "model": "auth.user", "fields": {"username": "pedro", "first_name": "pedro", "last_name": "", "is_active": true, "is_superuser": false, "is_staff": false, "last_login": "2014-03-14T06:00:15Z", "groups": [2, 3], "user_permissions": [], "password": "pbkdf2_sha256$12000$CStBCW7NOztc$dtBhZpiIm2HvqU/XIF6PrGEy7cs7PJ5OTu1fWE2Z7is=", "email": "", "date_joined": "2014-03-14T06:00:15Z"}}, {"pk": 1, "model": "userprofile.languagepair", "fields": {"user": 7, "language": 1}}, {"pk": 2, "model": "userprofile.languagepair", "fields": {"user": 7, "language": 4}}, {"pk": 3, "model": "userprofile.languagepair", "fields": {"user": 3, "language": 14}}, {"pk": 4, "model": "userprofile.languagepair", "fields": {"user": 3, "language": 4}}, {"pk": 5, "model": "userprofile.languagepair", "fields": {"user": 14, "language": 14}}, {"pk": 6, "model": "userprofile.languagepair", "fields": {"user": 14, "language": 4}}, {"pk": 7, "model": "userprofile.languagepair", "fields": {"user": 29, "language": 2}}, {"pk": 8, "model": "userprofile.languagepair", "fields": {"user": 29, "language": 4}}, {"pk": 9, "model": "userprofile.languagepair", "fields": {"user": 30, "language": 2}}, {"pk": 10, "model": "userprofile.languagepair", "fields": {"user": 30, "language": 4}}, {"pk": 11, "model": "userprofile.languagepair", "fields": {"user": 31, "language": 15}}, {"pk": 12, "model": "userprofile.languagepair", "fields": {"user": 31, "language": 4}}, {"pk": 13, "model": "userprofile.languagepair", "fields": {"user": 19, "language": 15}}, {"pk": 14, "model": "userprofile.languagepair", "fields": {"user": 19, "language": 4}}, {"pk": 15, "model": "userprofile.languagepair", "fields": {"user": 19, "language": 13}}, {"pk": 16, "model": "userprofile.languagepair", "fields": {"user": 4, "language": 4}}, {"pk": 17, "model": "userprofile.languagepair", "fields": {"user": 5, "language": 4}}, {"pk": 18, "model": "userprofile.languagepair", "fields": {"user": 6, "language": 4}}, {"pk": 19, "model": "userprofile.languagepair", "fields": {"user": 10, "language": 4}}, {"pk": 20, "model": "userprofile.languagepair", "fields": {"user": 11, "language": 4}}, {"pk": 21, "model": "userprofile.languagepair", "fields": {"user": 12, "language": 4}}, {"pk": 22, "model": "userprofile.languagepair", "fields": {"user": 13, "language": 4}}, {"pk": 23, "model": "userprofile.languagepair", "fields": {"user": 13, "language": 6}}, {"pk": 24, "model": "userprofile.languagepair", "fields": {"user": 9, "language": 2}}, {"pk": 25, "model": "userprofile.languagepair", "fields": {"user": 9, "language": 4}}, {"pk": 26, "model": "userprofile.languagepair", "fields": {"user": 22, "language": 4}}, {"pk": 27, "model": "userprofile.languagepair", "fields": {"user": 22, "language": 10}}, {"pk": 28, "model": "userprofile.languagepair", "fields": {"user": 22, "language": 15}}, {"pk": 29, "model": "userprofile.languagepair", "fields": {"user": 23, "language": 4}}, {"pk": 30, "model": "userprofile.languagepair", "fields": {"user": 24, "language": 4}}, {"pk": 31, "model": "userprofile.languagepair", "fields": {"user": 25, "language": 4}}, {"pk": 32, "model": "userprofile.languagepair", "fields": {"user": 27, "language": 4}}, {"pk": 33, "model": "userprofile.languagepair", "fields": {"user": 27, "language": 7}}, {"pk": 34, "model": "userprofile.languagepair", "fields": {"user": 13, "language": 6}}, {"pk": 35, "model": "userprofile.languagepair", "fields": {"user": 28, "language": 4}}, {"pk": 36, "model": "userprofile.languagepair", "fields": {"user": 28, "language": 6}}, {"pk": 37, "model": "userprofile.languagepair", "fields": {"user": 20, "language": 4}}, {"pk": 38, "model": "userprofile.languagepair", "fields": {"user": 23, "language": 1}}, {"pk": 1, "model": "texts.sourcetext", "fields": {"setNumber": 1, "passageLetter": "A", "sourceLanguage": 4, "text": "A SPECTER is haunting the world's governments-the specter of globalization. Some argue that predatory market forces make it impossible for benevolent governments to shield their populations from the beasts of prey that lurk beyond their borders. Others counter that benign market forces actually prevent predatory governments from fleecing their citizens. Although the two sides see different villains, they draw one common conclusion: omnipotent markets mean impotent politicians. Indeed, this formula has become one of the clich\u00e9s of our age. But is it true that governments have become weaker and less relevant than ever before? And does globalization, by definition, have to be the nemesis of national government?\r\nGlobalization is a journey. But it is a journey toward an unreachable destination-\"the globalized world.\" A \"globalized\" economy could be defined as one in which neither distance nor national borders impede economic transactions. This would be a world where the costs of transport and communications were zero and the barriers created by differing national jurisdictions had vanished. Needless to say, we do not live in anything even close to such a world. And since many of the things we transport (including ourselves) are physical, we never will.\r\nThis globalizing journey is not a new one. Over the past five centuries, technological change has progressively reduced the barriers to international integration. Transatlantic communication, for example, has evolved from sail power to steam, to the telegraph, the telephone, commercial aircraft, and now to the Internet. Yet states have become neither weaker nor less important during this odyssey. On the contrary, in the countries with the most advanced and internationally integrated economies, governments' ability to tax and redistribute incomes, regulate the economy, and monitor the activity of their citizens has increased beyond all recognition. This has been especially true over the past century.\r\nThe question that remains, however, is whether today's form of globalization is likely to have a different impact from that of the past. Indeed, it may well, for numerous factors distinguish today's globalizing journey from past ones and could produce a different outcome. These distinctions include more rapid communications, market liberalization, and global integration of the production of goods and services. Yet contrary to one common assumption, the modern form of globalization will not spell the end of the modern nation-state.\r\n", "versionNumber": 1, "importer2": null, "importer1": 2, "year": 2009, "targetLanguage": 14}}, {"pk": 2, "model": "texts.sourcetext", "fields": {"setNumber": 1, "passageLetter": "B", "sourceLanguage": 4, "text": "Today we are confronted by events which cast a shadow over\r\nhumankind and the United Nation's vision of peace. The humanitarian\r\ncrisis in Sudan continues. As relief efforts proceed, our thoughts are with\r\nthe refugees of Dafur. We urge the Government of Sudan to do everything\r\nin its power to bring this tragedy to an end.\r\nWe think of those whose lives have been devastated by the destructive\r\nfury of hurricanes in the Caribbean and on the US Atlantic coast. We\r\nextend to them our deepest sympathies for the loss of lives, property and\r\npossessions. The perpetrators of the slaughter of the innocents in Russia\r\ngave a new dimension to wickedness.\r\nThey defeated their own cause through the ruthless and indiscriminate\r\nshedding Of the blood Of children. Nothing can justify what they did. The\r\nUN must be united against such infamy.\r\nLet us express our sympathy and solidarity with the ordinary people of Iraq\r\ncaught in that country's terrible cycle of violence. Let this forum give\r\nthem our full and unreserved support in the struggle for genuine\r\ndemocratic Government, and the regaining of their national sovereignty.\r\nMay their hopes for a peaceful future and lasting stability find fulfillment.\r\nWe feel for the families of the people killed by terrorists outside the\r\nAustralian Embassy in Jakarta. We want them to know that their pain is\r\nshared in this family of nations.\r\nThe plea from Fiji is for the UN member countries to strengthen their joint\r\nresolve to oppose political terror everywhere. This is a critical time in\r\nhistory; the UN is called to mobilize all its experience, its skills and its\r\npowers to create concord among nations. That was its founding principle.\r\nIt Is the principle that must continue to drive and sustain the United\r\nNations.\r\nFiji, as always, is committed to the maintenance of peace and security, and\r\nto a world free of weapons Of mass destruction and terrorism.\r\nWe want an end to ozone-depleting pollution and the elimination of other\r\nhazards to the environment.\r\n", "versionNumber": 1, "importer2": null, "importer1": 2, "year": 2009, "targetLanguage": 14}}, {"pk": 3, "model": "texts.sourcetext", "fields": {"setNumber": 1, "passageLetter": "C", "sourceLanguage": 4, "text": "Many jurisdictions have been setting up implementation schemes designed to provide technical guidance to allow the general legal framework for electronic authentication to work in practice. Such schemes may include (1) national and international standards for electronic authentication products and services; (2) regulatory schemes for the supervision, accreditation, and certification of particular authentication products and services; and (3) guidelines, best practices, and similar documentation for the operation of electronic authentication systems. Such schemes may be set forth in national legislation, international or regional regulatory principles, guidelines drafted by commercial or policy organizations, or other initiatives.\r\n\r\nWhen one looks more closely at such schemes, a number of trends emerge:\r\n\r\nInformation about them is often difficult to come by.\r\nThe majority of countries with laws on electronic authentication have not yet developed detailed standards, although a number are working on them.\r\nIn those countries where accreditation or certification schemes for electronic authentication exist, the vast majority at least purport to be \"voluntary\". On the other hand, many laws require the use of accredited Certification Service Providers (\"CSPs\") in transactions with the government, which can have a powerful effect in forcing a particular standard or accreditation procedure on the market.\r\nWhile almost all the laws give basic legal effect to electronic signatures independent of the technology used, very often the most important legal effects are only recognized when the certificate is issued by a service provider that is accredited or certified in some way, or that meets certain standards.\r\nA number of countries are currently struggling with the issue of whether to establish a supervisory body for all authentication products and services.\r\nMany countries also require CSPs to register in some way before starting their activities.\r\nIn countries where standards are adopted or in the process of being adopted, it is often difficult to ascertain the extent to which they are truly international in nature.\r\nIt seems that the evolving definition of \"accreditation,\" \"certification,\" and \"standardization\" in the context of electronic authentication is a flexible one, which should be implemented in national systems in a way which furthers truly international and interoperable electronic commerce.", "versionNumber": 1, "importer2": null, "importer1": 2, "year": 2009, "targetLanguage": 14}}, {"pk": 4, "model": "texts.sourcetext", "fields": {"setNumber": 1, "passageLetter": "A", "sourceLanguage": 15, "text": "Hay muchas variaciones de los pasajes de Lorem Ipsum disponibles, pero la mayor\u00eda sufri\u00f3 alteraciones en alguna manera, ya sea porque se le agreg\u00f3 humor, o palabras aleatorias que no parecen ni un poco cre\u00edbles. Si vas a utilizar un pasaje de Lorem Ipsum, necesit\u00e1s estar seguro de que no hay nada avergonzante escondido en el medio del texto. Todos los generadores de Lorem Ipsum que se encuentran en Internet tienden a repetir trozos predefinidos cuando sea necesario, haciendo a este el \u00fanico generador verdadero (v\u00e1lido) en la Internet. Usa un diccionario de mas de 200 palabras provenientes del lat\u00edn, combinadas con estructuras muy \u00fatiles de sentencias, para generar texto de Lorem Ipsum que parezca razonable. Este Lorem Ipsum generado siempre estar\u00e1 libre de repeticiones, humor agregado o palabras no caracter\u00edsticas del lenguaje, etc", "versionNumber": 1, "importer2": null, "importer1": 2, "year": 2010, "targetLanguage": 4}}, {"pk": 5, "model": "texts.sourcetext", "fields": {"setNumber": 1, "passageLetter": "B", "sourceLanguage": 15, "text": "De los sos ojos tan fuertemientre llorando\r\ntornava la cabe\u00e7a e est\u00e1valos catando,\r\nvio puertas abiertas e u\u00e7os sin ca\u00f1ados,\r\nalc\u00e1ndaras vaz\u00edas, sin pielles e sin mantos\r\ne sin falcones e sin adtores mudados.\r\nSospir\u00f3 mio \u00c7id, ca mucho avi\u00e9 grandes cuidados,\r\nfabl\u00f3 mio \u00c7id bien e tan mesurado,\r\n-Grado a ti, Se\u00f1or, Padre que est\u00e1s en alto,\r\nesto me an buelto mios enemigos malos.-\r\nAll\u00ed piensan de aguijar, all\u00ed sueltan las riendas,\r\na la exida de Bivar ovieron la corneja diestra\r\ne entrando a Burgos ovi\u00e9ronla siniestra.\r\nMe\u00e7i\u00f3 mio \u00c7id los ombros e engrame\u00f3 la tiesta,\r\n-\u00a1Albri\u00e7ia, \u00c1lbar F\u00e1\u00f1ez, ca echados somos de tierra!-\r\nMio \u00c7id Ruy D\u00edaz por Burgos entrava,\r\nen su conpa\u00f1a sessaenta pendones, exi\u00e9nlo ver mugieres e varones, \r\nburgeses e burgesas por las finiestras son,\r\nplorando de los ojos, tanto avi\u00e9n el dolor,\r\nde las sus bocas todos diz\u00edan una raz\u00f3n,\r\n-\u00a1Dios, qu\u00e9 buen vassallo, si oviesse buen se\u00f1or!-\r\nConbidarle ien de grado, mas ninguno non osava,\r\nel rey don Alfonso tanto avi\u00e9 la grand sa\u00f1a,\r\nantes de la noche, en Burgos d'\u00e9l entr\u00f3 su carta\r\ncon grand recabdo e fuertemientre sellada,\r\nque a mio \u00c7id Ruy D\u00edaz que nadi nol' diessen posada.\r\n", "versionNumber": 1, "importer2": null, "importer1": 2, "year": 2010, "targetLanguage": 4}}, {"pk": 6, "model": "texts.sourcetext", "fields": {"setNumber": 1, "passageLetter": "C", "sourceLanguage": 15, "text": "Hace mucho tiempo, en el gran oc\u00e9ano que ba\u00f1a las costas del Per\u00fa no hab\u00eda peces. Hab\u00eda corales, esponjas, medusas, caracoles y otros animales, pero ning\u00fan pez nadaba en las azules aguas de dicho oc\u00e9ano. \u00c9stos habitaban \u00fanicamente los r\u00edos, lagos y torrentes del Per\u00fa, pero eran tan pocos que no los pescaban.\r\nUn d\u00eda estos peces emigraron hacia el oc\u00e9ano, y all\u00ed se multiplicaron. He aqu\u00ed c\u00f3mo ocurri\u00f3:\r\nEn esa \u00e9poca viv\u00eda en el Per\u00fa un joven pr\u00edncipe, hermoso y gallardo. Era muy poderoso y conoc\u00eda artes de magia. Alcanzaba un gesto suyo para que colinas y monta\u00f1as se aplanasen y transformasen en prados verdes y f\u00e9rtiles llanuras; sumerg\u00eda una ca\u00f1a en un r\u00edo, y en el mismo instante las aguas aumentaban, desbordaban y regaban los campos de cultivo; pronunciaba unas f\u00f3rmulas m\u00e1gicas, y al momento quedaban desecados los pantanos y lagunas fangosas, cuyas cuencas se transformaban en fruct\u00edferas plantaciones de pl\u00e1tanos.\r\nEste pr\u00edncipe se llamaba Coniyara, y como era un hombre justo al que le gustaba hacer el bien, a menudo se disfrazaba de mendigo para mezclarse con la gente pobre y enterarse de sus necesidades y anhelos. Muchas veces acompa\u00f1\u00f3 a los pastores de llamas que recorr\u00edan los escabrosos senderos de los Andes. Entraba en las caba\u00f1as miserables y ve\u00eda c\u00f3mo se mol\u00eda con esfuerzo el ma\u00edz conseguido con dedicaci\u00f3n en las laderas rocosas.\r\nNadie reconoc\u00eda a este pr\u00edncipe, cuando se disfrazaba de mendigo.\r\nHabitaba en aquellos tiempos esas tierras una princesa llamada Cavillaca, que rechazaba obstinadamente a todos los pretendientes que se le presentaban. Un d\u00eda la hermosa princesa penetr\u00f3 en un bosque, se sent\u00f3 a la sombra de un \u00e1rbol y empez\u00f3 a tejer una estera multicolor. En ese momento se pos\u00f3 sobre una de las ramas del \u00e1rbol un pajarito de plumaje azul. Era el pr\u00edncipe Coniyara, que hab\u00eda tomado aquel aspecto para explorar con mayor facilidad sus dominios y las tierras vecinas. Al ver a la princesa, se enamor\u00f3 de ella, pero record\u00f3 que \u00e9sta era capaz de rechazarlo, como hab\u00eda hecho con tantos pretendientes. Recurri\u00f3 entonces a la astucia. Comenz\u00f3 a gorjear tan melodiosamente con su garganta de pajarito cantor, que la joven dej\u00f3 a un lado el tejido para escuchar, fascinada por la m\u00fasica de aquella ave.\r\n", "versionNumber": 1, "importer2": null, "importer1": 2, "year": 2010, "targetLanguage": 4}}, {"pk": 7, "model": "texts.sourcetext", "fields": {"setNumber": 1, "passageLetter": "A", "sourceLanguage": 1, "text": "\u0648\u0642\u0627\u0644\u062a \u0648\u0632\u0627\u0631\u0629 \u0627\u0644\u0635\u062d\u0629 \u0627\u0644\u0623\u0648\u0643\u0631\u0627\u0646\u064a\u0629 \u0625\u0646 \u0627\u0644\u0627\u0634\u062a\u0628\u0627\u0643\u0627\u062a \u0627\u0633\u0641\u0631\u062a \u0623\u064a\u0636\u0627 \u0639\u0646 \u062c\u0631\u062d \u0646\u062d\u0648 17 \u0622\u062e\u0631\u064a\u0646.\r\n\u0648\u062a\u062f\u062e\u0644\u062a \u0642\u0648\u0627\u062a \u0627\u0644\u0634\u0631\u0637\u0629 \u0644\u0644\u0641\u0635\u0644 \u0628\u064a\u0646 \u0627\u0644\u062c\u0627\u0646\u0628\u064a\u0646 \u0641\u064a \u0627\u0644\u0645\u062f\u064a\u0646\u0629 \u0630\u0627\u062a \u0627\u0644\u0623\u063a\u0644\u0628\u064a\u0629 \u0645\u0646 \u0645\u062a\u062d\u062f\u062b\u064a \u0627\u0644\u0631\u0648\u0633\u064a\u0629.\r\n\u0648\u0642\u0627\u0644 \u0627\u0631\u0633\u064a\u0646\u064a \u064a\u0627\u062a\u0633\u064a\u0646\u0648\u0643 \u0631\u0626\u064a\u0633 \u0648\u0632\u0631\u0627\u0621 \u0627\u0648\u0643\u0631\u0627\u0646\u064a\u0627 \u0627\u0644\u0645\u0624\u0642\u062a \u0625\u0646 \u0628\u0644\u0627\u062f\u0647 \u0636\u062d\u064a\u0629 \u0644\u0627\u0639\u062a\u062f\u0627\u0621 \u0631\u0648\u0633\u064a \u0628\u064a\u062f \u0623\u0646\u0647 \u0623\u0643\u062f \u0623\u0646\u0647 \u0645\u0627\u0632\u0627\u0644 \u064a\u0639\u062a\u0642\u062f \u0627\u0646 \u0647\u0646\u0627\u0643 \u0645\u0633\u0627\u062d\u0629 \u0644\u062d\u0644 \u0627\u0644\u0627\u0632\u0645\u0629 \u0639\u0646 \u0637\u0631\u064a\u0642 \u0627\u0644\u0645\u0641\u0627\u0648\u0636\u0627\u062a.\r\n\u0648\u062d\u0630\u0631 \u064a\u0627\u062a\u0633\u064a\u0646\u0648\u0643 \u0623\u0645\u0627\u0645 \u0645\u062c\u0644\u0633 \u0627\u0644\u0627\u0645\u0646 \u0627\u0644\u062a\u0627\u0628\u0639 \u0644\u0644\u0627\u0645\u0645 \u0627\u0644\u0645\u062a\u062d\u062f\u0629 \u0645\u0646 \u0627\u0646 \u0645\u0639\u0627\u0647\u062f\u0629 \u062d\u0638\u0631 \u0627\u0646\u062a\u0634\u0627\u0631 \u0627\u0644\u0623\u0633\u0644\u062d\u0629 \u0627\u0644\u0646\u0648\u0648\u064a\u0629 \u0641\u064a \u062e\u0637\u0631 \u0637\u0627\u0644\u0645\u0627 \u0644\u0645 \u064a\u062a\u0645 \u0627\u0644\u062a\u0648\u0635\u0644 \u0625\u0644\u0649 \u062d\u0644 \u0644\u0644\u0623\u0632\u0645\u0629 \u0627\u0644\u0623\u0648\u0643\u0631\u0627\u0646\u064a\u0629 \u0627\u0644\u0631\u0648\u0633\u064a\u0629.\r\n", "versionNumber": 1, "importer2": null, "importer1": 2, "year": 2011, "targetLanguage": 4}}, {"pk": 8, "model": "texts.sourcetext", "fields": {"setNumber": 1, "passageLetter": "B", "sourceLanguage": 1, "text": "\u0642\u0627\u0644\u062a \u0627\u0644\u0634\u0631\u0637\u0629 \u0627\u0644\u0628\u0631\u064a\u0637\u0627\u0646\u064a\u0629 \u0625\u0646\u0647\u0627 \u062a\u062e\u0634\u064a \u0645\u0646 \u0627\u062d\u062a\u0645\u0627\u0644 \u0645\u0642\u062a\u0644 4 \u0623\u0634\u062e\u0627\u0635 \u0641\u064a \u062d\u0627\u062f\u062b \u062a\u062d\u0637\u0645 \u0637\u0627\u0626\u0631\u0629 \u0647\u064a\u0644\u0643\u0648\u0628\u062a\u0631 \u0645\u062f\u0646\u064a\u0629 \u0641\u064a \u062c\u0646\u0648\u0628 \u0634\u0631\u0642 \u0627\u0646\u062c\u0644\u062a\u0631\u0627.\r\n\u0648\u062a\u062d\u0637\u0645\u062a \u0627\u0644\u0637\u0627\u0626\u0631\u0629 \u0641\u064a \u0645\u0646\u0637\u0642\u0629 \u063a\u0644\u064a\u0646\u063a\u0647\u0627\u0645 \u0627\u0644\u0646\u0627\u0626\u064a\u0629 \u0641\u064a \u0625\u0642\u0644\u064a\u0645 \u0646\u0648\u0631\u0641\u0648\u0643.\r\n\u0648\u0647\u0631\u0639\u062a \u0623\u062c\u0647\u0632\u0629 \u0627\u0644\u0637\u0648\u0627\u0631\u0626 \u0625\u0644\u0649 \u0645\u0643\u0627\u0646 \u0627\u0644\u062d\u0627\u062f\u062b \u0648\u0641\u0631\u0636\u062a \u0637\u0648\u0642\u0627 \u062d\u0648\u0644 \u0645\u0648\u0642\u0639 \u0627\u0644\u062d\u0627\u062f\u062b.\r\n\u0648\u0644\u0645 \u062a\u062a\u0636\u062d \u0639\u0644\u0649 \u0627\u0644\u0641\u0648\u0631 \u0623\u0633\u0628\u0627\u0628 \u0627\u0644\u062d\u0627\u062f\u062b\u060c \u063a\u064a\u0631 \u0623\u0646 \u0634\u0647\u0648\u062f \u0639\u064a\u0627\u0646 \u0623\u0634\u0627\u0631\u0648\u0627 \u0625\u0644\u0649 \u0625\u0646 \u0627\u0644\u0623\u062d\u0648\u0627\u0644 \u0627\u0644\u062c\u0648\u064a\u0629 \u0633\u0627\u062f\u0647\u0627 \u0627\u0644\u0636\u0628\u0627\u0628 \u0641\u064a \u0627\u0644\u0645\u0646\u0637\u0642\u0629 \u0648\u0642\u062a \u0633\u0642\u0648\u0637 \u0627\u0644\u0637\u0627\u0626\u0631\u0629.\r\n\u0648\u0642\u0627\u0644\u062a \u0647\u064a\u0626\u0629 \u062e\u062f\u0645\u0627\u062a \u0625\u0633\u0639\u0627\u0641 \u0627\u0644\u0637\u0648\u0627\u0631\u0626 \u0641\u064a \u0634\u0631\u0642 \u0627\u0646\u062c\u0644\u062a\u0631\u0627 \u0625\u0646\u0647\u0627 \u0627\u0633\u062a\u062f\u0639\u064a\u062a \u0627\u0644\u0633\u0627\u0639\u0629 7.45 \u0645\u0633\u0627\u0621 \u0627\u0644\u062e\u0645\u064a\u0633 \u0648\u0642\u062a \u0648\u0642\u0648\u0639 \u0627\u0644\u062d\u0627\u062f\u062b.\r\n\u0648\u0642\u0627\u0644\u062a \u0641\u064a \u0628\u064a\u0627\u0646 \u0625\u0646\u0647\u0627 \u0623\u0631\u0633\u0644\u062a \u062b\u0644\u0627\u062b \u0633\u064a\u0627\u0631\u0627\u062a \u0625\u0633\u0639\u0627\u0641 \u0648\u0637\u0628\u064a\u0628\u064a\u0646 \u0648\u0633\u064a\u0627\u0631\u0629 \u0644\u0644\u062a\u062d\u0631\u0643 \u0627\u0644\u0633\u0631\u064a\u0639.\r\n\u0648\u064a\u0630\u0643\u0631 \u0623\u0646 \u063a\u0644\u064a\u0646\u063a\u0647\u0627\u0645 \u0642\u0631\u064a\u0629 \u0635\u063a\u064a\u0631\u0629 \u0641\u064a \u062c\u0646\u0648\u0628 \u0646\u0648\u0631\u0641\u0648\u0643 \u0648\u064a\u0633\u0643\u0646\u0647\u0627 650 \u0634\u062e\u0635\u0627.\r\n", "versionNumber": 1, "importer2": null, "importer1": 2, "year": 2011, "targetLanguage": 4}}, {"pk": 9, "model": "texts.sourcetext", "fields": {"setNumber": 1, "passageLetter": "C", "sourceLanguage": 1, "text": "\u0648\u0630\u0643\u0631\u062a \u0623\u0646\u0647\u0627 \"\u062a\u0623\u062b\u0631\u062a \u0643\u062b\u064a\u0631\u0627 \u0628\u0627\u0644\u062f\u0639\u0645 \u0648\u0627\u0644\u0644\u0637\u0641 \u0627\u0644\u0630\u064a \u0644\u0627\u0642\u062a\u0647 \u0645\u0646 \u0623\u0646\u0627\u0633 \u0643\u062b\u064a\u0631\u064a\u0646\".\r\n\u0648\u0643\u0627\u0646\u062a \u0623\u0646\u062c\u0644\u064a\u0646\u0627 - \u0648\u0647\u064a \u0623\u0645 \u0644\u0633\u062a\u0629 \u0623\u0637\u0641\u0627\u0644 - \u0642\u062f \u0634\u0631\u062d\u062a \u0645\u0633\u0628\u0642\u0627 \u0627\u0644\u0623\u0633\u0628\u0627\u0628 \u0627\u0644\u062a\u064a \u062f\u0641\u0639\u062a\u0647\u0627 \u0644\u0625\u062c\u0631\u0627\u0621 \u0627\u0644\u0639\u0645\u0644\u064a\u0629\u060c \u0642\u0627\u0626\u0644\u0629 \u0625\u0646\u0647\u0627 \u062a\u0631\u064a\u062f \u062a\u0642\u0644\u064a\u0644 \u0627\u0644\u062e\u0637\u0631\u060c \u0628\u0639\u062f\u0645\u0627 \u062a\u0648\u0641\u064a\u062a \u0648\u0627\u0644\u062f\u062a\u0647\u0627 \u0628\u0633\u0628\u0628 \u0633\u0631\u0637\u0627\u0646 \u0627\u0644\u0645\u0628\u064a\u0636 \u0639\u0646 56 \u0639\u0627\u0645\u0627.\r\n\u0648\u0623\u0648\u0636\u062d\u062a \u0641\u064a \u0645\u0642\u0627\u0644\u0629 \u0628\u0639\u0646\u0648\u0627\u0646 \"\u062e\u064a\u0627\u0631\u064a \u0627\u0644\u0637\u0628\u064a\" \u0623\u0646 \u0623\u0645\u0647\u0627 \u0643\u0627\u0641\u062d\u062a \u0627\u0644\u0633\u0631\u0637\u0627\u0646 \u0644\u0646\u062d\u0648 \u0639\u0634\u0631 \u0633\u0646\u0648\u0627\u062a.\r\n\u0648\u0642\u062f \u0623\u062b\u0646\u0649 \u0634\u0631\u064a\u0643 \u0623\u0646\u062c\u0644\u064a\u0646\u0627\u060c \u0628\u0631\u0627\u062f \u0628\u064a\u062a \u0639\u0644\u0649 \u062e\u064a\u0627\u0631\u0647\u0627\u060c \u0648\u0627\u0635\u0641\u0627 \u0639\u0645\u0644\u0647\u0627 \u0628\u0623\u0646\u0647 \"\u0634\u062c\u0627\u0639 \u062c\u062f\u0627\".\r\n\u0648\u064a\u0642\u062f\u0631 \u0627\u0644\u0623\u0637\u0628\u0627\u0621 \u0628\u0623\u0646 \u0646\u062c\u0645\u0629 \u0647\u0648\u0644\u064a\u0648\u0648\u062f \u0639\u0631\u0636\u0629 \u0644\u0644\u0625\u0635\u0627\u0628\u0629 \u0628\u0633\u0631\u0637\u0627\u0646 \u0627\u0644\u062b\u062f\u064a \u0628\u0646\u0633\u0628\u0629 87 \u0641\u064a \u0627\u0644\u0645\u0626\u0629\u060c \u0648\u0644\u0644\u0625\u0635\u0627\u0628\u0629 \u0628\u0633\u0631\u0637\u0627\u0646 \u0627\u0644\u0645\u0628\u064a\u0636 \u0628\u0646\u0633\u0628\u0629 50 \u0641\u064a \u0627\u0644\u0645\u0626\u0629\u060c \u0628\u0633\u0628\u0628 \u0627\u0644\u062c\u064a\u0646\u0627\u062a \u0627\u0644\u0645\u0648\u0631\u0648\u062b\u0629 \u0644\u062f\u064a\u0647\u0627.\r\n", "versionNumber": 1, "importer2": null, "importer1": 2, "year": 2011, "targetLanguage": 4}}, {"pk": 10, "model": "texts.sourcetext", "fields": {"setNumber": 1, "passageLetter": "A", "sourceLanguage": 11, "text": "\u56fd\u969b\u4ea4\u6d41\u57fa\u91d1\uff08\u30b8\u30e3\u30d1\u30f3\u30d5\u30a1\u30a6\u30f3\u30c7\u30fc\u30b7\u30e7\u30f3\uff09\u306f\u30011985\u5e74\u3088\u308a\u65e5\u672c\u5404\u5730\u306b\u304a\u3044\u3066\u3001\u305d\u306e\u5730\u57df\u306e\u7279\u6027\u3092\u6d3b\u304b\u3057\u3066\u3001\u4ed6\u306e\u30e2\u30c7\u30eb\u3068\u306a\u308b\u3088\u3046\u306a\u512a\u308c\u305f\u56fd\u969b\u6587\u5316\u4ea4\u6d41\u6d3b\u52d5\u3092\u884c\u3063\u3066\u3044\u308b\u56e3\u4f53\u306b\u5bfe\u3057\u3066\u30011985\u5e74\u5ea6\u3088\u308a\u300c\u56fd\u969b\u4ea4\u6d41\u57fa\u91d1\u5730\u7403\u5e02\u6c11\u8cde\u300d\u3092\u6388\u8cde\u3057\u3066\u3044\u307e\u3059\u3002 \r\n\u672c\u8cde\u306f\u5275\u8a2d\u6642\u306b\u306f\u300c\u56fd\u969b\u4ea4\u6d41\u57fa\u91d1\u5730\u57df\u4ea4\u6d41\u632f\u8208\u8cde\u300d\u3068\u3044\u3046\u540d\u79f0\u3067\u59cb\u307e\u308a\u307e\u3057\u305f\u304c\u3001\u8fd1\u5e74\u5730\u57df\u306b\u304a\u3051\u308b\u56fd\u969b\u4ea4\u6d41\u6d3b\u52d5\u304c\u4e00\u5c64\u6d3b\u767a\u306b\u306a\u3063\u3066\u3044\u308b\u3053\u3068\u304b\u3089\u30012004\u5e74\u306b\u8cde\u306e\u540d\u79f0\u3092\u300c\u56fd\u969b\u4ea4\u6d41\u57fa\u91d1\u5730\u57df\u4ea4\u6d41\u8cde\u300d\u306b\u30012005\u5e74\u304b\u3089\u300c\u56fd\u969b\u4ea4\u6d41\u57fa\u91d1\u5730\u7403\u5e02\u6c11\u8cde\u300d\u306b\u6539\u3081\u307e\u3057\u305f\u3002)\r\n2013\u5e74\u5ea6\u306f\u3001\u63a8\u85a6\u30fb\u5fdc\u52df\u306e\u3042\u3063\u305f127\u56e3\u4f53\u306e\u4e2d\u304b\u3089\u3001\u4e0b\u8a18\u306e3\u56e3\u4f53\u306b\u672c\u8cde\u3092\u6388\u8cde\u3044\u305f\u3057\u307e\u3059\u3002\u53d7\u8cde\u56e3\u4f53\u306b\u306f\u6b63\u8cde\uff08\u8cde\u72b6\uff09\u3068\u526f\u8cde200\u4e07\u5186\u304c\u8d08\u3089\u308c\u307e\u3059\u3002", "versionNumber": 1, "importer2": null, "importer1": 2, "year": 2012, "targetLanguage": 4}}, {"pk": 11, "model": "texts.sourcetext", "fields": {"setNumber": 1, "passageLetter": "B", "sourceLanguage": 11, "text": "\u65e5\u672c\u8a9e\u304c\u5f97\u610f\u3067\u306a\u3044\u5916\u56fd\u4eba\u306e\u65b9\u304c\u75c5\u9662\u306b\u304b\u304b\u308b\u3068\u304d\u3001\u795e\u5948\u5ddd\u770c\u4e0b\u306e\u533b\u7642\u6a5f\u95a2\u3068\u63d0\u643a\u3057\u3066\u3001\u533b\u7642\u901a\u8a33\u8005\u306e\u6d3e\u9063\u3092\u884c\u3063\u3066\u3044\u308b\u3002\u5916\u56fd\u51fa\u8eab\u306e\u533b\u7642\u901a\u8a33\u8005\u306e\u65b9\u3005\u3082\u6bcd\u56fd\u8a9e\u3068\u65e5\u672c\u8a9e\u3092\u6d3b\u304b\u3057\u3066\u5730\u57df\u793e\u4f1a\u306b\u8ca2\u732e\u3002\u307e\u305f\u3001\u5168\u56fd\u306e\u5730\u65b9\u81ea\u6cbb\u4f53\u3084\u56fd\u969b\u4ea4\u6d41\u5354\u4f1a\u304c\u4e3b\u50ac\u3059\u308b\u533b\u7642\u901a\u8a33\u7814\u4fee\u306b\u8b1b\u5e2b\u3092\u6d3e\u9063\u3057\u3066\u533b\u7642\u901a\u8a33\u8005\u306e\u80b2\u6210\u3092\u63a8\u9032\u3057\u3001\u591a\u304f\u306e\u5916\u56fd\u4eba\u304c\u533b\u7642\u901a\u8a33\u3092\u5229\u7528\u3067\u304d\u308b\u3088\u3046\u306a\u30a4\u30f3\u30d5\u30e9\u6574\u5099\u306b\u3082\u8ca2\u732e\u3057\u3066\u3044\u308b\u3002", "versionNumber": 1, "importer2": null, "importer1": 2, "year": 2012, "targetLanguage": 4}}, {"pk": 12, "model": "texts.sourcetext", "fields": {"setNumber": 1, "passageLetter": "C", "sourceLanguage": 11, "text": "\u65e5\u672c\u3078\u306e\u89b3\u5149\u5ba2\u306e\u5897\u52a0\u30842020\u5e74\u306e\u30aa\u30ea\u30f3\u30d4\u30c3\u30af\u30fb\u30d1\u30e9\u30ea\u30f3\u30d4\u30c3\u30af\u958b\u50ac\u306b\u3088\u308a\u3001\u3055\u307e\u3056\u307e\u306a\u5834\u9762\u3067\u591a\u8a00\u8a9e\u5bfe\u5fdc\u306e\u30cb\u30fc\u30ba\u304c\u9ad8\u307e\u3063\u3066\u3044\u308b\u3002\u3068\u304f\u306b\u3001\u533b\u7642\u3084\u4ecb\u8b77\u306a\u3069\u5c02\u9580\u6027\u306e\u9ad8\u3044\u5206\u91ce\u306f\u6025\u52d9\u3068\u3044\u3046\u72b6\u6cc1\u4e0b\u3067\u3001\u3044\u3061\u306f\u3084\u304f\u533b\u7642\u901a\u8a33\u306e\u6d3e\u9063\u3084\u990a\u6210\u306b\u53d6\u308a\u7d44\u3093\u3067\u3044\u308b\u3053\u3068\u3092\u9ad8\u304f\u8a55\u4fa1\u3002\u4eca\u5f8c\u3001\u65e5\u672c\u306e\u793e\u4f1a\u304c\u62b1\u3048\u308b\u554f\u984c\u306e\u89e3\u6c7a\u7b56\u306e\u3072\u3068\u3064\u3092\u63d0\u793a\u3057\u3066\u3044\u308b\u3002", "versionNumber": 1, "importer2": null, "importer1": 2, "year": 2012, "targetLanguage": 4}}, {"pk": 1, "model": "texts.sourcediscrepancyqueue", "fields": {"setNumber": 1, "passageLetter": "B", "sourceLanguage": 4, "text": "Test text goes here", "originalSource": 2, "versionNumber": 1, "importer2": 5, "importer1": 4, "year": 2009, "targetLanguage": 14, "needsToReview": 3}}, {"pk": 2, "model": "texts.sourcediscrepancyqueue", "fields": {"setNumber": 1, "passageLetter": "A", "sourceLanguage": 11, "text": "There will be source discrepancies here.", "originalSource": 10, "versionNumber": 1, "importer2": 17, "importer1": 9, "year": 2012, "targetLanguage": 4, "needsToReview": 29}}, {"pk": 1, "model": "texts.targettext", "fields": {"g4ErrorScore": null, "errorStop": false, "language": 14, "g3ErrorScore": null, "text": "\u041f\u0440\u0438\u0437\u0440\u0430\u043a \u0431\u0440\u043e\u0434\u0438\u0442 \u0432 \u043c\u0438\u0440\u0435 \u043f\u0440\u0430\u0432\u0438\u0442\u0435\u043b\u044c\u0441\u0442\u0432\u0430\u043c - \u043f\u0440\u0438\u0437\u0440\u0430\u043a \u0433\u043b\u043e\u0431\u0430\u043b\u0438\u0437\u0430\u0446\u0438\u0438. \u041d\u0435\u043a\u043e\u0442\u043e\u0440\u044b\u0435 \u0443\u0442\u0432\u0435\u0440\u0436\u0434\u0430\u044e\u0442, \u0447\u0442\u043e \u0445\u0438\u0449\u043d\u044b\u0435 \u0440\u044b\u043d\u043e\u0447\u043d\u044b\u0435 \u0441\u0438\u043b\u044b \u0434\u0435\u043b\u0430\u044e\u0442 \u043d\u0435\u0432\u043e\u0437\u043c\u043e\u0436\u043d\u044b\u043c \u0434\u043b\u044f \u0434\u043e\u0431\u0440\u043e\u0436\u0435\u043b\u0430\u0442\u0435\u043b\u044c\u043d\u044b\u0435 \u043f\u0440\u0430\u0432\u0438\u0442\u0435\u043b\u044c\u0441\u0442\u0432\u0430 , \u0447\u0442\u043e\u0431\u044b \u043e\u0433\u0440\u0430\u0434\u0438\u0442\u044c \u0441\u0432\u043e\u0438\u0445 \u0433\u0440\u0430\u0436\u0434\u0430\u043d \u043e\u0442 \u0445\u0438\u0449\u043d\u044b\u0445 \u0437\u0432\u0435\u0440\u0435\u0439 , \u043a\u043e\u0442\u043e\u0440\u044b\u0435 \u0441\u043a\u0440\u044b\u0432\u0430\u044e\u0442\u0441\u044f \u0437\u0430 \u043f\u0440\u0435\u0434\u0435\u043b\u0430\u043c\u0438 \u0438\u0445 \u0433\u0440\u0430\u043d\u0438\u0446 . \u0414\u0440\u0443\u0433\u0438\u0435 \u0432\u043e\u0437\u0440\u0430\u0436\u0430\u044e\u0442, \u0447\u0442\u043e \u0434\u043e\u0431\u0440\u043e\u043a\u0430\u0447\u0435\u0441\u0442\u0432\u0435\u043d\u043d\u044b\u0435 \u0440\u044b\u043d\u043e\u0447\u043d\u044b\u0435 \u0441\u0438\u043b\u044b \u0444\u0430\u043a\u0442\u0438\u0447\u0435\u0441\u043a\u0438 \u043f\u0440\u0435\u0434\u043e\u0442\u0432\u0440\u0430\u0442\u0438\u0442\u044c \u0445\u0438\u0449\u043d\u044b\u0445 \u043f\u0440\u0430\u0432\u0438\u0442\u0435\u043b\u044c\u0441\u0442\u0432\u0430 \u043e\u0442 \u043e\u0431\u0438\u0440\u0430\u044e\u0442 \u0441\u0432\u043e\u0438\u0445 \u0433\u0440\u0430\u0436\u0434\u0430\u043d . \u0425\u043e\u0442\u044f \u043e\u0431\u0435 \u0441\u0442\u043e\u0440\u043e\u043d\u044b \u0443\u0432\u0438\u0434\u0435\u0442\u044c \u0440\u0430\u0437\u043b\u0438\u0447\u043d\u044b\u0435 \u0437\u043b\u043e\u0434\u0435\u0435\u0432 , \u043e\u043d\u0438 \u0440\u0438\u0441\u0443\u044e\u0442 \u043e\u0434\u043d\u0443 \u043e\u0431\u0449\u0443\u044e \u0432\u044b\u0432\u043e\u0434: \u0432\u0441\u0435\u043c\u043e\u0433\u0443\u0449\u0438\u0435 \u0440\u044b\u043d\u043a\u0438 \u043e\u0437\u043d\u0430\u0447\u0430\u044e\u0442 \u0431\u0435\u0441\u0441\u0438\u043b\u044c\u043d\u044b\u0435 \u043f\u043e\u043b\u0438\u0442\u0438\u043a\u043e\u0432 . \u0412 \u0441\u0430\u043c\u043e\u043c \u0434\u0435\u043b\u0435, \u044d\u0442\u0430 \u0444\u043e\u0440\u043c\u0443\u043b\u0430 \u0441\u0442\u0430\u043b\u0430 \u043e\u0434\u043d\u0438\u043c \u0438\u0437 \u043a\u043b\u0438\u0448\u0435 \u043d\u0430\u0448\u0435\u0433\u043e \u0432\u0440\u0435\u043c\u0435\u043d\u0438. \u041d\u043e \u044d\u0442\u043e \u043f\u0440\u0430\u0432\u0434\u0430, \u0447\u0442\u043e \u043f\u0440\u0430\u0432\u0438\u0442\u0435\u043b\u044c\u0441\u0442\u0432\u0430 \u0441\u0442\u0430\u043b\u0438 \u0441\u043b\u0430\u0431\u0435\u0435 \u0438 \u043c\u0435\u043d\u0435\u0435 \u0430\u043a\u0442\u0443\u0430\u043b\u044c\u043d\u0430, \u0447\u0435\u043c \u043a\u043e\u0433\u0434\u0430-\u043b\u0438\u0431\u043e \u043f\u0440\u0435\u0436\u0434\u0435 ? \u0418 \u0440\u0430\u0437\u0432\u0435 \u0433\u043b\u043e\u0431\u0430\u043b\u0438\u0437\u0430\u0446\u0438\u044f , \u043f\u043e \u043e\u043f\u0440\u0435\u0434\u0435\u043b\u0435\u043d\u0438\u044e, \u0434\u043e\u043b\u0436\u043d\u044b \u0431\u044b\u0442\u044c \u0432\u043e\u0437\u043c\u0435\u0437\u0434\u0438\u0435\u043c \u043d\u0430\u0446\u0438\u043e\u043d\u0430\u043b\u044c\u043d\u043e\u0433\u043e \u043f\u0440\u0430\u0432\u0438\u0442\u0435\u043b\u044c\u0441\u0442\u0432\u0430 ?\r\n\u0413\u043b\u043e\u0431\u0430\u043b\u0438\u0437\u0430\u0446\u0438\u044f \u043f\u0440\u0435\u0434\u0441\u0442\u0430\u0432\u043b\u044f\u0435\u0442 \u0441\u043e\u0431\u043e\u0439 \u043f\u0443\u0442\u0435\u0448\u0435\u0441\u0442\u0432\u0438\u0435 . \u041d\u043e \u044d\u0442\u043e \u043f\u0443\u0442\u0435\u0448\u0435\u0441\u0442\u0432\u0438\u0435 \u043a \u043d\u0435\u0434\u043e\u0441\u0442\u0438\u0436\u0438\u043c\u044b\u043c \u043c\u0435\u0441\u0442\u043e\u043c \u043d\u0430\u0437\u043d\u0430\u0447\u0435\u043d\u0438\u044f - \u00ab \u0433\u043b\u043e\u0431\u0430\u043b\u0438\u0437\u0438\u0440\u043e\u0432\u0430\u043d\u043d\u043e\u043c \u043c\u0438\u0440\u0435 . \" \" \u0413\u043b\u043e\u0431\u0430\u043b\u0438\u0437\u0438\u0440\u043e\u0432\u0430\u043d\u043d\u043e\u0439 \" \u044d\u043a\u043e\u043d\u043e\u043c\u0438\u043a\u0430 \u043c\u043e\u0436\u0435\u0442 \u0431\u044b\u0442\u044c \u043e\u043f\u0440\u0435\u0434\u0435\u043b\u0435\u043d\u0430 \u043a\u0430\u043a \u0442\u043e\u0442, \u0432 \u043a\u043e\u0442\u043e\u0440\u043e\u043c \u043d\u0438 \u0440\u0430\u0441\u0441\u0442\u043e\u044f\u043d\u0438\u0435 , \u043d\u0438 \u043d\u0430\u0446\u0438\u043e\u043d\u0430\u043b\u044c\u043d\u044b\u0445 \u0433\u0440\u0430\u043d\u0438\u0446 \u043f\u0440\u0435\u043f\u044f\u0442\u0441\u0442\u0432\u043e\u0432\u0430\u0442\u044c \u044d\u043a\u043e\u043d\u043e\u043c\u0438\u0447\u0435\u0441\u043a\u0438\u0435 \u0441\u0434\u0435\u043b\u043a\u0438 . \u042d\u0442\u043e \u0431\u044b\u043b \u0431\u044b \u043c\u0438\u0440 , \u0433\u0434\u0435 \u0440\u0430\u0441\u0445\u043e\u0434\u044b \u043d\u0430 \u0442\u0440\u0430\u043d\u0441\u043f\u043e\u0440\u0442 \u0438 \u043a\u043e\u043c\u043c\u0443\u043d\u0438\u043a\u0430\u0446\u0438\u0438 \u0431\u044b\u043b\u0438 \u0440\u0430\u0432\u043d\u044b \u043d\u0443\u043b\u044e \u0438 \u043f\u0440\u0435\u043f\u044f\u0442\u0441\u0442\u0432\u0438\u044f, \u0441\u043e\u0437\u0434\u0430\u0432\u0430\u0435\u043c\u044b\u0435 \u0440\u0430\u0437\u043d\u044b\u043c\u0438 \u043d\u0430\u0446\u0438\u043e\u043d\u0430\u043b\u044c\u043d\u044b\u043c\u0438 \u044e\u0440\u0438\u0441\u0434\u0438\u043a\u0446\u0438\u044f\u043c\u0438 \u0438\u0441\u0447\u0435\u0437. \u0421\u0430\u043c\u043e \u0441\u043e\u0431\u043e\u0439 \u0440\u0430\u0437\u0443\u043c\u0435\u0435\u0442\u0441\u044f, \u043c\u044b \u043d\u0435 \u0436\u0438\u0432\u0435\u043c \u043d\u0438 \u0432 \u0447\u0435\u043c , \u0434\u0430\u0436\u0435 \u0431\u043b\u0438\u0437\u043a\u043e \u043a \u0442\u0430\u043a\u043e\u043c \u043c\u0438\u0440\u0435 . \u0410 \u0442\u0430\u043a \u043a\u0430\u043a \u043c\u043d\u043e\u0433\u0438\u0435 \u0438\u0437 \u0432\u0435\u0449\u0435\u0439, \u043a\u043e\u0442\u043e\u0440\u044b\u0435 \u043c\u044b \u043f\u0435\u0440\u0435\u0432\u043e\u0437\u043a\u0430\u0445 (\u0432\u043a\u043b\u044e\u0447\u0430\u044f \u043d\u0430\u0441 \u0441\u0430\u043c\u0438\u0445 ) \u044f\u0432\u043b\u044f\u044e\u0442\u0441\u044f \u0444\u0438\u0437\u0438\u0447\u0435\u0441\u043a\u0438\u0435, \u043c\u044b \u043d\u0438\u043a\u043e\u0433\u0434\u0430 \u043d\u0435 \u0431\u0443\u0434\u0435\u0442.\r\n\u042d\u0442\u043e \u0433\u043b\u043e\u0431\u0430\u043b\u0438\u0437\u0430\u0446\u0438\u0438 \u043f\u0443\u0442\u0435\u0448\u0435\u0441\u0442\u0432\u0438\u0435 \u043d\u0435 \u043d\u043e\u0432\u0430. \u0417\u0430 \u043f\u043e\u0441\u043b\u0435\u0434\u043d\u0438\u0435 \u043f\u044f\u0442\u044c \u0432\u0435\u043a\u043e\u0432 , \u0442\u0435\u0445\u043d\u043e\u043b\u043e\u0433\u0438\u0447\u0435\u0441\u043a\u0438\u0435 \u0438\u0437\u043c\u0435\u043d\u0435\u043d\u0438\u044f \u043f\u043e\u0441\u0442\u0435\u043f\u0435\u043d\u043d\u043e \u0443\u043c\u0435\u043d\u044c\u0448\u0438\u043b\u043e \u0431\u0430\u0440\u044c\u0435\u0440\u044b \u043d\u0430 \u043f\u0443\u0442\u0438 \u043c\u0435\u0436\u0434\u0443\u043d\u0430\u0440\u043e\u0434\u043d\u043e\u0439 \u0438\u043d\u0442\u0435\u0433\u0440\u0430\u0446\u0438\u0438. \u0422\u0440\u0430\u043d\u0441\u0430\u0442\u043b\u0430\u043d\u0442\u0438\u0447\u0435\u0441\u043a\u0438\u0439 \u0441\u0432\u044f\u0437\u0438 , \u043d\u0430\u043f\u0440\u0438\u043c\u0435\u0440, \u043f\u0440\u0435\u0432\u0440\u0430\u0442\u0438\u043b\u0430\u0441\u044c \u0438\u0437 \u043f\u0430\u0440\u0443\u0441\u0430 \u0432\u043b\u0430\u0441\u0442\u0438 \u0432 \u043f\u0430\u0440 , \u0432 \u0442\u0435\u043b\u0435\u0433\u0440\u0430\u0444, \u0442\u0435\u043b\u0435\u0444\u043e\u043d , \u043a\u043e\u043c\u043c\u0435\u0440\u0447\u0435\u0441\u043a\u0438\u0445 \u0432\u043e\u0437\u0434\u0443\u0448\u043d\u044b\u0445 \u0441\u0443\u0434\u043e\u0432 , \u0430 \u0442\u0435\u043f\u0435\u0440\u044c \u043a \u0418\u043d\u0442\u0435\u0440\u043d\u0435\u0442\u0443. \u0422\u0435\u043c \u043d\u0435 \u043c\u0435\u043d\u0435\u0435, \u0433\u043e\u0441\u0443\u0434\u0430\u0440\u0441\u0442\u0432\u0430 \u0441\u0442\u0430\u043b\u0438 \u043d\u0438 \u0441\u043b\u0430\u0431\u0435\u0435 , \u043d\u0438 \u043c\u0435\u043d\u0435\u0435 \u0432\u0430\u0436\u043d\u044b\u043c \u0432 \u044d\u0442\u043e\u0442 \u043e\u0434\u0438\u0441\u0441\u0435\u0438. \u041d\u0430\u043f\u0440\u043e\u0442\u0438\u0432, \u0432 \u0441\u0442\u0440\u0430\u043d\u0430\u0445 \u0441 \u0441\u0430\u043c\u043e\u0439 \u043f\u0435\u0440\u0435\u0434\u043e\u0432\u043e\u0439 \u0438 \u043d\u0430 \u043c\u0435\u0436\u0434\u0443\u043d\u0430\u0440\u043e\u0434\u043d\u043e\u043c \u0443\u0440\u043e\u0432\u043d\u0435 \u0438\u043d\u0442\u0435\u0433\u0440\u0438\u0440\u043e\u0432\u0430\u043d\u043d\u044b\u0445 \u044d\u043a\u043e\u043d\u043e\u043c\u0438\u043a , \u0441\u043f\u043e\u0441\u043e\u0431\u043d\u043e\u0441\u0442\u044c \u043f\u0440\u0430\u0432\u0438\u0442\u0435\u043b\u044c\u0441\u0442\u0432 \u043e\u0431\u043b\u0430\u0433\u0430\u0442\u044c \u043d\u0430\u043b\u043e\u0433\u043e\u043c \u0438 \u0440\u0430\u0441\u043f\u0440\u043e\u0441\u0442\u0440\u0430\u043d\u044f\u0442\u044c \u0434\u043e\u0445\u043e\u0434\u044b , \u0440\u0435\u0433\u0443\u043b\u0438\u0440\u043e\u0432\u0430\u0442\u044c \u044d\u043a\u043e\u043d\u043e\u043c\u0438\u043a\u0443 , \u0438 \u043a\u043e\u043d\u0442\u0440\u043e\u043b\u0438\u0440\u043e\u0432\u0430\u0442\u044c \u0434\u0435\u044f\u0442\u0435\u043b\u044c\u043d\u043e\u0441\u0442\u044c \u0441\u0432\u043e\u0438\u0445 \u0433\u0440\u0430\u0436\u0434\u0430\u043d \u0443\u0432\u0435\u043b\u0438\u0447\u0438\u043b\u0441\u044f \u0434\u043e \u043d\u0435\u0443\u0437\u043d\u0430\u0432\u0430\u0435\u043c\u043e\u0441\u0442\u0438 . \u042d\u0442\u043e \u0431\u044b\u043b\u043e \u043e\u0441\u043e\u0431\u0435\u043d\u043d\u043e \u0432\u0435\u0440\u043d\u043e \u0432 \u0442\u0435\u0447\u0435\u043d\u0438\u0435 \u043f\u0440\u043e\u0448\u043b\u043e\u0433\u043e \u0432\u0435\u043a\u0430 .\r\n\u0412\u043e\u043f\u0440\u043e\u0441, \u043a\u043e\u0442\u043e\u0440\u044b\u0439 \u043e\u0441\u0442\u0430\u0435\u0442\u0441\u044f , \u043e\u0434\u043d\u0430\u043a\u043e, \u044f\u0432\u043b\u044f\u0435\u0442\u0441\u044f \u043b\u0438 \u0441\u0435\u0433\u043e\u0434\u043d\u044f\u0448\u043d\u044f\u044f \u0444\u043e\u0440\u043c\u0430 \u0433\u043b\u043e\u0431\u0430\u043b\u0438\u0437\u0430\u0446\u0438\u0438 , \u0432\u0435\u0440\u043e\u044f\u0442\u043d\u043e, \u043e\u043a\u0430\u0436\u0435\u0442 \u0440\u0430\u0437\u043b\u0438\u0447\u043d\u043e\u0435 \u0432\u043b\u0438\u044f\u043d\u0438\u0435 \u043e\u0442 , \u0447\u0442\u043e \u0432 \u043f\u0440\u043e\u0448\u043b\u043e\u0435. \u0412 \u0441\u0430\u043c\u043e\u043c \u0434\u0435\u043b\u0435, \u044d\u0442\u043e \u0432\u043f\u043e\u043b\u043d\u0435 \u043c\u043e\u0436\u0435\u0442 , \u0434\u043b\u044f \u043c\u043d\u043e\u0433\u043e\u0447\u0438\u0441\u043b\u0435\u043d\u043d\u044b\u0445 \u0444\u0430\u043a\u0442\u043e\u0440\u043e\u0432 \u043e\u0442\u043b\u0438\u0447\u0438\u0442\u044c \u0441\u043e\u0432\u0440\u0435\u043c\u0435\u043d\u043d\u043e\u043c \u0433\u043b\u043e\u0431\u0430\u043b\u0438\u0437\u0438\u0440\u0443\u044e\u0449\u0435\u043c\u0441\u044f \u043f\u0443\u0442\u0435\u0448\u0435\u0441\u0442\u0432\u0438\u0435 \u0438\u0437 \u043f\u0440\u0435\u0434\u044b\u0434\u0443\u0449\u0438\u0445 \u043a\u0430\u0442\u0430\u0441\u0442\u0440\u043e\u0444 \u0438 \u043c\u043e\u0436\u0435\u0442 \u043f\u0440\u0438\u0432\u0435\u0441\u0442\u0438 \u043a \u0434\u0440\u0443\u0433\u0438\u043c \u0440\u0435\u0437\u0443\u043b\u044c\u0442\u0430\u0442\u0430\u043c . \u042d\u0442\u0438 \u0440\u0430\u0437\u043b\u0438\u0447\u0438\u044f \u0432\u043a\u043b\u044e\u0447\u0430\u044e\u0442 \u0431\u043e\u043b\u0435\u0435 \u0431\u044b\u0441\u0442\u0440\u044b\u0435 \u043a\u043e\u043c\u043c\u0443\u043d\u0438\u043a\u0430\u0446\u0438\u0438, \u043b\u0438\u0431\u0435\u0440\u0430\u043b\u0438\u0437\u0430\u0446\u0438\u0438 \u0440\u044b\u043d\u043a\u0430 \u0438 \u0433\u043b\u043e\u0431\u0430\u043b\u044c\u043d\u043e\u0439 \u0438\u043d\u0442\u0435\u0433\u0440\u0430\u0446\u0438\u0438 \u043f\u0440\u043e\u0438\u0437\u0432\u043e\u0434\u0441\u0442\u0432\u0430 \u0442\u043e\u0432\u0430\u0440\u043e\u0432 \u0438 \u0443\u0441\u043b\u0443\u0433. \u0422\u0435\u043c \u043d\u0435 \u043c\u0435\u043d\u0435\u0435, \u0432 \u043e\u0442\u043b\u0438\u0447\u0438\u0435 \u043e\u0442 \u043e\u0434\u043d\u043e\u0433\u043e \u043e\u0431\u0449\u0435\u0433\u043e \u043f\u0440\u0435\u0434\u043f\u043e\u043b\u043e\u0436\u0435\u043d\u0438\u044f , \u0441\u043e\u0432\u0440\u0435\u043c\u0435\u043d\u043d\u0430\u044f \u0444\u043e\u0440\u043c\u0430 \u0433\u043b\u043e\u0431\u0430\u043b\u0438\u0437\u0430\u0446\u0438\u0438 \u043d\u0435 \u0431\u0443\u0434\u0435\u0442 \u043e\u0437\u043d\u0430\u0447\u0430\u0442\u044c \u043a\u043e\u043d\u0435\u0446 \u0441\u043e\u0432\u0440\u0435\u043c\u0435\u043d\u043d\u043e\u0433\u043e \u043d\u0430\u0446\u0438\u043e\u043d\u0430\u043b\u044c\u043d\u043e\u0433\u043e \u0433\u043e\u0441\u0443\u0434\u0430\u0440\u0441\u0442\u0432\u0430.", "g1ErrorScore": null, "notGraded": true, "g2ErrorScore": null, "passageReviewed": false, "qualityPoints": null, "pdfURI": "11111.pdf", "importer1": 2, "incomplete": false, "importer2": null}}, {"pk": 2, "model": "texts.targettext", "fields": {"g4ErrorScore": null, "errorStop": false, "language": 14, "g3ErrorScore": null, "text": "\u0421\u0435\u0433\u043e\u0434\u043d\u044f \u043c\u044b \u0441\u0442\u0430\u043b\u043a\u0438\u0432\u0430\u0435\u043c\u0441\u044f \u0441 \u0441\u043e\u0431\u044b\u0442\u0438\u044f\u043c\u0438, \u043a\u043e\u0442\u043e\u0440\u044b\u0435 \u0431\u0440\u043e\u0441\u0430\u044e\u0442 \u0442\u0435\u043d\u044c \u043d\u0430\r\n\u0447\u0435\u043b\u043e\u0432\u0435\u0447\u0435\u0441\u0442\u0432\u043e \u0438 \u0432\u0438\u0434\u0435\u043d\u0438\u0435 \u041e\u0431\u044a\u0435\u0434\u0438\u043d\u0435\u043d\u043d\u044b\u0445 \u043d\u0430\u0446\u0438\u0439 \u043c\u0438\u0440\u0430 . \u0433\u0443\u043c\u0430\u043d\u0438\u0442\u0430\u0440\u043d\u0430\u044f\r\n\u041a\u0440\u0438\u0437\u0438\u0441 \u0432 \u0421\u0443\u0434\u0430\u043d\u0435 \u043f\u0440\u043e\u0434\u043e\u043b\u0436\u0430\u0435\u0442\u0441\u044f. \u041a\u0430\u043a \u0443\u0441\u0438\u043b\u0438\u044f \u043f\u043e \u043e\u043a\u0430\u0437\u0430\u043d\u0438\u044e \u043f\u043e\u043c\u043e\u0449\u0438 \u043f\u0440\u043e\u0434\u043e\u043b\u0436\u0438\u0442\u044c, \u043d\u0430\u0448\u0438 \u043c\u044b\u0441\u043b\u0438 \u0441\r\n\u0431\u0435\u0436\u0435\u043d\u0446\u044b \u0438\u0437 Dafur . \u041c\u044b \u043d\u0430\u0441\u0442\u043e\u044f\u0442\u0435\u043b\u044c\u043d\u043e \u043f\u0440\u0438\u0437\u044b\u0432\u0430\u0435\u043c \u043f\u0440\u0430\u0432\u0438\u0442\u0435\u043b\u044c\u0441\u0442\u0432\u043e \u0421\u0443\u0434\u0430\u043d\u0430 \u0441\u0434\u0435\u043b\u0430\u0442\u044c \u0432\u0441\u0435\r\n\u0447\u0442\u043e \u0432 \u0435\u0433\u043e \u0441\u0438\u043b\u0430\u0445 , \u0447\u0442\u043e\u0431\u044b \u043f\u0440\u0438\u043d\u0435\u0441\u0442\u0438 \u044d\u0442\u0443 \u0442\u0440\u0430\u0433\u0435\u0434\u0438\u044e \u043a \u043a\u043e\u043d\u0446\u0443.\r\n\u041c\u044b \u0434\u0443\u043c\u0430\u0435\u043c \u043e \u0442\u0435\u0445, \u0447\u044c\u0438 \u0436\u0438\u0437\u043d\u0438 \u0431\u044b\u043b\u0438 \u043e\u043f\u0443\u0441\u0442\u043e\u0448\u0435\u043d\u044b \u0440\u0430\u0437\u0440\u0443\u0448\u0438\u0442\u0435\u043b\u044c\u043d\u0430\u044f\r\n\u044f\u0440\u043e\u0441\u0442\u044c \u0443\u0440\u0430\u0433\u0430\u043d\u043e\u0432 \u0432 \u041a\u0430\u0440\u0438\u0431\u0441\u043a\u043e\u043c \u0431\u0430\u0441\u0441\u0435\u0439\u043d\u0435 \u0438 \u043d\u0430 \u0410\u0442\u043b\u0430\u043d\u0442\u0438\u0447\u0435\u0441\u043a\u043e\u0433\u043e \u043f\u043e\u0431\u0435\u0440\u0435\u0436\u044c\u044f \u0421\u0428\u0410 . \u043c\u044b\r\n\u0440\u0430\u0441\u043f\u0440\u043e\u0441\u0442\u0440\u0430\u043d\u044f\u0435\u0442\u0441\u044f \u043d\u0430 \u043d\u0438\u0445 \u043d\u0430\u0448\u0438 \u0433\u043b\u0443\u0431\u043e\u0447\u0430\u0439\u0448\u0438\u0435 \u0441\u043e\u0431\u043e\u043b\u0435\u0437\u043d\u043e\u0432\u0430\u043d\u0438\u044f \u0432 \u0441\u0432\u044f\u0437\u0438 \u0441 \u0433\u0438\u0431\u0435\u043b\u044c\u044e \u043b\u044e\u0434\u0435\u0439 , \u0438\u043c\u0443\u0449\u0435\u0441\u0442\u0432\u0430 \u0438\r\n\u0438\u043c\u0443\u0449\u0435\u0441\u0442\u0432\u043e . \u0412\u0438\u043d\u043e\u0432\u043d\u044b\u0435 \u0432 \u0440\u0435\u0437\u043d\u0435 \u043d\u0435\u0432\u0438\u043d\u043d\u044b\u0445 \u0432 \u0420\u043e\u0441\u0441\u0438\u0438\r\n\u0434\u0430\u043b \u043d\u043e\u0432\u043e\u0435 \u0438\u0437\u043c\u0435\u0440\u0435\u043d\u0438\u0435 \u0432 \u043d\u0435\u0447\u0435\u0441\u0442\u0438\u0438 .\r\n\u041e\u043d\u0438 \u043f\u043e\u0431\u0435\u0434\u0438\u043b\u0438 \u0441\u0432\u043e\u0435 \u0441\u043e\u0431\u0441\u0442\u0432\u0435\u043d\u043d\u043e\u0435 \u0434\u0435\u043b\u043e \u0447\u0435\u0440\u0435\u0437 \u0431\u0435\u0437\u0436\u0430\u043b\u043e\u0441\u0442\u043d\u044b\u0439 \u0438 \u043d\u0435\u0438\u0437\u0431\u0438\u0440\u0430\u0442\u0435\u043b\u044c\u043d\u043e\u0435\r\n\u043f\u0440\u043e\u043b\u0438\u0442\u0438\u044f \u043a\u0440\u043e\u0432\u0438 \u0434\u0435\u0442\u0435\u0439 . \u041d\u0438\u0447\u0442\u043e \u043d\u0435 \u043c\u043e\u0436\u0435\u0442 \u043e\u043f\u0440\u0430\u0432\u0434\u0430\u0442\u044c \u0442\u043e, \u0447\u0442\u043e \u043e\u043d\u0438 \u0441\u0434\u0435\u043b\u0430\u043b\u0438.\r\n\u041e\u041e\u041d \u0434\u043e\u043b\u0436\u043d\u044b \u043e\u0431\u044a\u0435\u0434\u0438\u043d\u0438\u0442\u044c\u0441\u044f \u043f\u0440\u043e\u0442\u0438\u0432 \u0442\u0430\u043a\u043e\u0433\u043e \u043f\u043e\u0437\u043e\u0440\u0430 .\r\n\u0412\u044b\u0440\u0430\u0437\u0438\u043c \u043d\u0430\u0448\u0435 \u0441\u043e\u0447\u0443\u0432\u0441\u0442\u0432\u0438\u0435 \u0438 \u0441\u043e\u043b\u0438\u0434\u0430\u0440\u043d\u043e\u0441\u0442\u044c \u0441 \u043f\u0440\u043e\u0441\u0442\u044b\u043c\u0438 \u043b\u044e\u0434\u044c\u043c\u0438 \u0418\u0440\u0430\u043a\u0430\r\n\u043f\u043e\u0439\u043c\u0430\u043b \u0432 \u0443\u0436\u0430\u0441\u043d\u043e\u043c \u0446\u0438\u043a\u043b\u0430 \u044d\u0442\u043e\u0439 \u0441\u0442\u0440\u0430\u043d\u044b \u043d\u0430\u0441\u0438\u043b\u0438\u044f. \u041f\u0443\u0441\u0442\u044c \u044d\u0442\u043e\u0442 \u0444\u043e\u0440\u0443\u043c \u0434\u0430\u0441\u0442\r\n\u0438\u043c \u043d\u0430\u0448 \u043f\u043e\u043b\u043d\u044b\u0439 \u0438 \u0431\u0435\u0437\u043e\u0433\u043e\u0432\u043e\u0440\u043e\u0447\u043d\u0430\u044f \u043f\u043e\u0434\u0434\u0435\u0440\u0436\u043a\u0430 \u0432 \u0431\u043e\u0440\u044c\u0431\u0435 \u0437\u0430 \u043f\u043e\u0434\u043b\u0438\u043d\u043d\u044b\u0439\r\n\u0434\u0435\u043c\u043e\u043a\u0440\u0430\u0442\u0438\u0447\u0435\u0441\u043a\u043e\u0435 \u043f\u0440\u0430\u0432\u0438\u0442\u0435\u043b\u044c\u0441\u0442\u0432\u043e , \u0438 \u0432\u043e\u0441\u0441\u0442\u0430\u043d\u043e\u0432\u043b\u0435\u043d\u0438\u0435 \u0432\u043b\u0430\u0441\u0442\u0438 \u0441\u0432\u043e\u0435\u0433\u043e \u043d\u0430\u0446\u0438\u043e\u043d\u0430\u043b\u044c\u043d\u043e\u0433\u043e \u0441\u0443\u0432\u0435\u0440\u0435\u043d\u0438\u0442\u0435\u0442\u0430 .\r\n\u041c\u043e\u0436\u0435\u0442 \u0438\u0445 \u043d\u0430\u0434\u0435\u0436\u0434\u044b \u043d\u0430 \u043c\u0438\u0440\u043d\u043e\u0435 \u0431\u0443\u0434\u0443\u0449\u0435\u0435 \u0438 \u0434\u043e\u043b\u0433\u043e\u0441\u0440\u043e\u0447\u043d\u043e\u0439 \u0441\u0442\u0430\u0431\u0438\u043b\u044c\u043d\u043e\u0441\u0442\u0438 \u0440\u0435\u0430\u043b\u0438\u0437\u043e\u0432\u0430\u0442\u044c \u0441\u0435\u0431\u044f .\r\n\u041c\u044b \u0441\u0447\u0438\u0442\u0430\u0435\u043c, \u0434\u043b\u044f \u0441\u0435\u043c\u0435\u0439 \u043f\u043e\u0433\u0438\u0431\u0448\u0438\u0445 \u0442\u0435\u0440\u0440\u043e\u0440\u0438\u0441\u0442\u043e\u0432 \u0437\u0430 \u043f\u0440\u0435\u0434\u0435\u043b\u0430\u043c\u0438\r\n\u041f\u043e\u0441\u043e\u043b\u044c\u0441\u0442\u0432\u043e \u0410\u0432\u0441\u0442\u0440\u0430\u043b\u0438\u0438 \u0432 \u0414\u0436\u0430\u043a\u0430\u0440\u0442\u0435. \u041c\u044b \u0445\u043e\u0442\u0438\u043c , \u0447\u0442\u043e\u0431\u044b \u043e\u043d\u0438 \u0437\u043d\u0430\u043b\u0438 , \u0447\u0442\u043e \u0438\u0445 \u0431\u043e\u043b\u044c\r\n\u043f\u043e\u0434\u0435\u043b\u0438\u043b\u0441\u044f \u0432 \u044d\u0442\u043e\u0439 \u0441\u0435\u043c\u044c\u0435 \u043d\u0430\u0440\u043e\u0434\u043e\u0432.\r\n\u041f\u0440\u043e\u0441\u044c\u0431\u0430 \u043e\u0442 \u0424\u0438\u0434\u0436\u0438 \u0434\u043b\u044f \u0441\u0442\u0440\u0430\u043d-\u0447\u043b\u0435\u043d\u043e\u0432 \u041e\u041e\u041d \u0432 \u0446\u0435\u043b\u044f\u0445 \u0443\u043a\u0440\u0435\u043f\u043b\u0435\u043d\u0438\u044f \u0438\u0445 \u0441\u043e\u0435\u0434\u0438\u043d\u0435\u043d\u0438\u044f\r\n\u0440\u0435\u0448\u0438\u0442\u044c \u043f\u0440\u043e\u0442\u0438\u0432\u043e\u043f\u043e\u0441\u0442\u0430\u0432\u0438\u0442\u044c \u043f\u043e\u043b\u0438\u0442\u0438\u0447\u0435\u0441\u043a\u043e\u0433\u043e \u0442\u0435\u0440\u0440\u043e\u0440\u0430 \u0432\u043e \u0432\u0441\u0435\u043c \u043c\u0438\u0440\u0435. \u042d\u0442\u043e \u043a\u0440\u0438\u0442\u0438\u0447\u0435\u0441\u043a\u0438\u0439 \u043c\u043e\u043c\u0435\u043d\u0442 \u0432\r\n\u0438\u0441\u0442\u043e\u0440\u0438\u044f; \u041e\u041e\u041d \u043f\u0440\u0438\u0437\u0432\u0430\u043d \u043c\u043e\u0431\u0438\u043b\u0438\u0437\u043e\u0432\u0430\u0442\u044c \u0432\u0441\u0435 \u0441\u0432\u043e\u0438 \u043e\u043f\u044b\u0442, \u0441\u0432\u043e\u0438 \u043d\u0430\u0432\u044b\u043a\u0438 \u0438 \u0435\u0433\u043e\r\n\u043f\u043e\u043b\u043d\u043e\u043c\u043e\u0447\u0438\u044f \u043f\u043e \u0441\u043e\u0437\u0434\u0430\u043d\u0438\u044e \u0441\u043e\u0433\u043b\u0430\u0441\u0438\u044f \u043c\u0435\u0436\u0434\u0443 \u043d\u0430\u0440\u043e\u0434\u0430\u043c\u0438 . \u042d\u0442\u043e \u0431\u044b\u043b\u043e \u0435\u0433\u043e \u043e\u0441\u043d\u043e\u0432\u043e\u043f\u043e\u043b\u0430\u0433\u0430\u044e\u0449\u0438\u043c \u043f\u0440\u0438\u043d\u0446\u0438\u043f\u043e\u043c .\r\n\u042d\u0442\u043e \u043f\u0440\u0438\u043d\u0446\u0438\u043f , \u043a\u043e\u0442\u043e\u0440\u044b\u0439 \u0434\u043e\u043b\u0436\u0435\u043d \u043f\u0440\u043e\u0434\u043e\u043b\u0436\u0430\u0442\u044c \u0443\u043f\u0440\u0430\u0432\u043b\u044f\u0442\u044c \u0438 \u043f\u043e\u0434\u0434\u0435\u0440\u0436\u0438\u0432\u0430\u0442\u044c \u042e\u043d\u0430\u0439\u0442\u0435\u0434\r\n\u041d\u0430\u0446\u0438\u0439 .\r\n\u0424\u0438\u0434\u0436\u0438 , \u043a\u0430\u043a \u0432\u0441\u0435\u0433\u0434\u0430, \u0441\u0442\u0440\u0435\u043c\u0438\u0442\u0441\u044f \u043a \u043f\u043e\u0434\u0434\u0435\u0440\u0436\u0430\u043d\u0438\u044e \u043c\u0438\u0440\u0430 \u0438 \u0431\u0435\u0437\u043e\u043f\u0430\u0441\u043d\u043e\u0441\u0442\u0438 , \u0438\r\n\u043a \u043c\u0438\u0440\u0443, \u0441\u0432\u043e\u0431\u043e\u0434\u043d\u043e\u043c\u0443 \u043e\u0442 \u043e\u0440\u0443\u0436\u0438\u044f \u043c\u0430\u0441\u0441\u043e\u0432\u043e\u0433\u043e \u0443\u043d\u0438\u0447\u0442\u043e\u0436\u0435\u043d\u0438\u044f \u0438 \u0442\u0435\u0440\u0440\u043e\u0440\u0438\u0437\u043c\u0430.\r\n\u041c\u044b \u0445\u043e\u0442\u0438\u043c \u043f\u043e\u043b\u043e\u0436\u0438\u0442\u044c \u043a\u043e\u043d\u0435\u0446 \u0437\u0430\u0433\u0440\u044f\u0437\u043d\u0435\u043d\u0438\u044e \u043e\u0437\u043e\u043d\u043e\u0440\u0430\u0437\u0440\u0443\u0448\u0430\u044e\u0449\u0438\u0445 \u0438 \u043b\u0438\u043a\u0432\u0438\u0434\u0430\u0446\u0438\u0438 \u0434\u0440\u0443\u0433\u0430\r\n\u043e\u043f\u0430\u0441\u043d\u043e\u0441\u0442\u0438 \u0434\u043b\u044f \u043e\u043a\u0440\u0443\u0436\u0430\u044e\u0449\u0435\u0439 \u0441\u0440\u0435\u0434\u044b.", "g1ErrorScore": null, "notGraded": true, "g2ErrorScore": null, "passageReviewed": false, "qualityPoints": null, "pdfURI": "11111.pdf", "importer1": 2, "incomplete": false, "importer2": null}}, {"pk": 3, "model": "texts.targettext", "fields": {"g4ErrorScore": null, "errorStop": false, "language": 4, "g3ErrorScore": null, "text": "There are many variations of passages of Lorem Ipsum available, but the majority suffered alteration in some way, either because you added humor, or randomized words which do not look even slightly believable. If you use a passage of Lorem Ipsum, you need to be sure that there is nothing embarrassing hidden in the middle of the text. All the Lorem Ipsum generators found in Internet tend to repeat predefined chunks as necessary, making this the only true generator (valid) on the Internet. Use a dictionary of over 200 Latin words from, combined with useful sentences structures, to generate Lorem Ipsum text that appears reasonable. The generated Lorem Ipsum is always free from repetition, mood or words not added language features, etc..", "g1ErrorScore": null, "notGraded": true, "g2ErrorScore": null, "passageReviewed": true, "qualityPoints": null, "pdfURI": "22222.pdf", "importer1": 2, "incomplete": false, "importer2": null}}, {"pk": 4, "model": "texts.targettext", "fields": {"g4ErrorScore": null, "errorStop": false, "language": 4, "g3ErrorScore": null, "text": "Long ago, in the great ocean that washes the shores of Peru no fish . There corals, sponges , jellyfish , snails and other animals, but no fish you swam in the blue waters of the ocean. They lived only rivers, lakes and streams of Peru , but they were so few that not fished.\r\nOne day these fish migrated to the ocean, and there multiplied. Here's how it happened :\r\nI was living in Peru a young prince , beautiful and graceful . It was very powerful and he knew magic arts . Reached a gesture to his hills and mountains aplanasen and transform themselves into green and fertile plains meadows , dipping a reed in a river, and at the same instant the waters increased, overflowing and irrigating the fields ; pronounced magical formulas, and when were dried muddy swamps and lagoons , the basins were transformed into fruitful banana plantations.\r\nThis prince was called Coniyara , and being a right that he liked to do good , often disguised as a beggar to mingle with the poor people and learn about their needs and desires man. Often accompanied the llama herders who roamed the rugged trails of the Andes. Entered the miserable huts and saw how hard- milled corn achieved with dedication on the rocky slopes .\r\nNobody recognized the prince, disguised as a beggar .\r\nDwelt in the land that time a princess named Cavillaca , who obstinately refused all suitors presented to him . One day the beautiful princess entered the woods , sat in the shade of a tree and began to weave a multicolored mat . At that moment he landed on one of the branches of the tree a little bird blue plumage. Coniyara was Prince , who had taken that aspect easier to explore their domains and neighboring lands. Seeing the princess fell in love with her, but he remembered that it was able to reject it , as she had many suitors. Then resorted to cunning . He began to warble so sweetly with his throat singing bird , the girl pushed aside the fabric to listen , fascinated by the music of that bird.", "g1ErrorScore": null, "notGraded": true, "g2ErrorScore": null, "passageReviewed": true, "qualityPoints": null, "pdfURI": "22222.pdf", "importer1": 2, "incomplete": false, "importer2": null}}, {"pk": 5, "model": "texts.targettext", "fields": {"g4ErrorScore": null, "errorStop": false, "language": 4, "g3ErrorScore": null, "text": "The Ukrainian Ministry of Health said the clashes also resulted in the wounding of nearly 17 others. \r\nThe police intervened to separate the two sides in the city with the majority of Russian speakers. \r\nSaid Arseniy Yatsanuk Prime Minister of Ukraine said his country temporary victim of Russian aggression, however, stressed that he still believes that there is space to resolve the crisis through negotiations. \r\nHe warned Yatsanuk in front of the Security Council of the United Nations of the Treaty on the Non Proliferation of Nuclear Weapons in danger as long as is not a solution to the crisis in Russian-Ukrainian.", "g1ErrorScore": null, "notGraded": true, "g2ErrorScore": null, "passageReviewed": false, "qualityPoints": null, "pdfURI": "33333.pdf", "importer1": 2, "incomplete": false, "importer2": null}}, {"pk": 6, "model": "texts.targettext", "fields": {"g4ErrorScore": null, "errorStop": false, "language": 4, "g3ErrorScore": null, "text": "British police said they feared the prospect of killing four people in the crash of a civilian helicopter in southeast England .\r\nThe plane crashed in a remote area Ghlingham in the territory of Norfolk .\r\nAnd emergency services rushed to the scene and cordoned off around the site of the accident .\r\nWas not immediately clear causes of the accident , but witnesses pointed out that the weather was overwhelmed by fog in the area at the time of the crash .\r\nShe said the emergency ambulance services in the East of England it was called at 7:45 Thursday evening, the time of the accident.\r\nShe said in a statement it had sent three ambulances and two doctors and a car to move quickly .\r\nIt is noteworthy that Ghlingham a small village in South Norfolk and is inhabited by 650 people .", "g1ErrorScore": null, "notGraded": true, "g2ErrorScore": null, "passageReviewed": false, "qualityPoints": null, "pdfURI": "33333.pdf", "importer1": 2, "incomplete": false, "importer2": null}}, {"pk": 7, "model": "texts.targettext", "fields": {"g4ErrorScore": null, "errorStop": false, "language": 4, "g3ErrorScore": null, "text": "International Exchange Foundation (Japan Foundation), in various parts of Japan since 1985, for the organization that is taking advantage of the features of the area, is doing the international cultural exchange activities such excellent a model for other, from 1985 \"I've been awarding the Japan Foundation global Citizenship Award \". \r\nThe award was started under the name \"Japan Foundation Regional Exchange Promotion Award\" in the founding, but from the fact that international exchange activities in the region is in the more active in recent years, in 2004 the \"International Foundation region the name of the award to the AC Award \", I was changed to\" International Foundation global Citizenship Award \"from 2005. ) \r\nIn fiscal 2013, out of the 127 organizations that had recommendation, application, we will award a prize to the three organizations below. \u00a5 2,000,000 prize and Seisho (diploma) will be awarded to winners.", "g1ErrorScore": null, "notGraded": true, "g2ErrorScore": null, "passageReviewed": true, "qualityPoints": null, "pdfURI": "44444.pdf", "importer1": 2, "incomplete": false, "importer2": null}}, {"pk": 8, "model": "texts.targettext", "fields": {"g4ErrorScore": null, "errorStop": false, "language": 4, "g3ErrorScore": null, "text": "When Foreigners Japanese is not good at is applied to the hospital, in partnership with medical institutions in Kanagawa Prefecture, you are doing the dispatch of medical interpreters. Contributing to the community taking advantage of the native language and Japanese people also medical interpreters foreign born. In addition, it also contributed to infrastructure development to promote the training of medical interpreters and dispatched a lecturer in medical interpreter training International Association and local governments across the country, hosted by many foreigners, such as available medical interpreters have.", "g1ErrorScore": null, "notGraded": true, "g2ErrorScore": null, "passageReviewed": true, "qualityPoints": null, "pdfURI": "44444.pdf", "importer1": 2, "incomplete": false, "importer2": null}}, {"pk": 9, "model": "texts.targettext", "fields": {"g4ErrorScore": null, "errorStop": false, "language": 15, "g3ErrorScore": null, "text": "", "g1ErrorScore": null, "notGraded": true, "g2ErrorScore": null, "passageReviewed": true, "qualityPoints": null, "pdfURI": "55555.pdf", "importer1": 2, "incomplete": false, "importer2": null}}, {"pk": 1, "model": "texts.targetreviewqueue", "fields": {"targetText": 2, "exam": 1, "nextReviewer": 3}}, {"pk": 2, "model": "texts.targetreviewqueue", "fields": {"targetText": 3, "exam": 2, "nextReviewer": 19}}, {"pk": 3, "model": "texts.targetreviewqueue", "fields": {"targetText": 6, "exam": 3, "nextReviewer": 7}}, {"pk": 4, "model": "texts.targetreviewqueue", "fields": {"targetText": 7, "exam": 4, "nextReviewer": 30}}, {"pk": 1, "model": "texts.discrepancy", "fields": {"text": 2, "numTimesVerified": 0, "modifiedText": "test data", "user": 14}}, {"pk": 2, "model": "texts.discrepancy", "fields": {"text": 3, "numTimesVerified": 0, "modifiedText": "test test test", "user": 31}}, {"pk": 3, "model": "texts.discrepancy", "fields": {"text": 5, "numTimesVerified": 0, "modifiedText": "test data", "user": 7}}, {"pk": 4, "model": "texts.discrepancy", "fields": {"text": 8, "numTimesVerified": 0, "modifiedText": "test data", "user": 17}}, {"pk": 1, "model": "admin.logentry", "fields": {"action_flag": 1, "action_time": "2014-03-14T05:32:26Z", "object_repr": "drago", "object_id": "3", "change_message": "", "user": 1, "content_type": 4}}, {"pk": 2, "model": "admin.logentry", "fields": {"action_flag": 1, "action_time": "2014-03-14T05:36:03Z", "object_repr": "Administrator", "object_id": "1", "change_message": "", "user": 1, "content_type": 3}}, {"pk": 3, "model": "admin.logentry", "fields": {"action_flag": 1, "action_time": "2014-03-14T05:39:05Z", "object_repr": "Grader", "object_id": "2", "change_message": "", "user": 1, "content_type": 3}}, {"pk": 4, "model": "admin.logentry", "fields": {"action_flag": 1, "action_time": "2014-03-14T05:41:40Z", "object_repr": "Importer", "object_id": "3", "change_message": "", "user": 1, "content_type": 3}}, {"pk": 5, "model": "admin.logentry", "fields": {"action_flag": 1, "action_time": "2014-03-14T05:42:33Z", "object_repr": "alice", "object_id": "4", "change_message": "", "user": 1, "content_type": 4}}, {"pk": 6, "model": "admin.logentry", "fields": {"action_flag": 1, "action_time": "2014-03-14T05:42:42Z", "object_repr": "bill", "object_id": "5", "change_message": "", "user": 1, "content_type": 4}}, {"pk": 7, "model": "admin.logentry", "fields": {"action_flag": 1, "action_time": "2014-03-14T05:42:50Z", "object_repr": "charles", "object_id": "6", "change_message": "", "user": 1, "content_type": 4}}, {"pk": 8, "model": "admin.logentry", "fields": {"action_flag": 1, "action_time": "2014-03-14T05:43:35Z", "object_repr": "ali", "object_id": "7", "change_message": "", "user": 1, "content_type": 4}}, {"pk": 9, "model": "admin.logentry", "fields": {"action_flag": 1, "action_time": "2014-03-14T05:43:59Z", "object_repr": "pancho", "object_id": "8", "change_message": "", "user": 1, "content_type": 4}}, {"pk": 10, "model": "admin.logentry", "fields": {"action_flag": 1, "action_time": "2014-03-14T05:46:08Z", "object_repr": "Lee", "object_id": "9", "change_message": "", "user": 1, "content_type": 4}}, {"pk": 11, "model": "admin.logentry", "fields": {"action_flag": 3, "action_time": "2014-03-14T05:46:56Z", "object_repr": "pancho", "object_id": "8", "change_message": "", "user": 1, "content_type": 4}}, {"pk": 12, "model": "admin.logentry", "fields": {"action_flag": 2, "action_time": "2014-03-14T05:47:27Z", "object_repr": "lee", "object_id": "9", "change_message": "Changed username.", "user": 1, "content_type": 4}}, {"pk": 13, "model": "admin.logentry", "fields": {"action_flag": 1, "action_time": "2014-03-14T05:47:58Z", "object_repr": "edward", "object_id": "10", "change_message": "", "user": 1, "content_type": 4}}, {"pk": 14, "model": "admin.logentry", "fields": {"action_flag": 1, "action_time": "2014-03-14T05:48:19Z", "object_repr": "frank", "object_id": "11", "change_message": "", "user": 1, "content_type": 4}}, {"pk": 15, "model": "admin.logentry", "fields": {"action_flag": 1, "action_time": "2014-03-14T05:48:33Z", "object_repr": "grace", "object_id": "12", "change_message": "", "user": 1, "content_type": 4}}, {"pk": 16, "model": "admin.logentry", "fields": {"action_flag": 1, "action_time": "2014-03-14T05:48:51Z", "object_repr": "henry", "object_id": "13", "change_message": "", "user": 1, "content_type": 4}}, {"pk": 17, "model": "admin.logentry", "fields": {"action_flag": 1, "action_time": "2014-03-14T05:49:11Z", "object_repr": "ivana", "object_id": "14", "change_message": "", "user": 1, "content_type": 4}}, {"pk": 18, "model": "admin.logentry", "fields": {"action_flag": 1, "action_time": "2014-03-14T05:49:26Z", "object_repr": "john", "object_id": "15", "change_message": "", "user": 1, "content_type": 4}}, {"pk": 19, "model": "admin.logentry", "fields": {"action_flag": 1, "action_time": "2014-03-14T05:50:15Z", "object_repr": "kurt", "object_id": "16", "change_message": "", "user": 1, "content_type": 4}}, {"pk": 20, "model": "admin.logentry", "fields": {"action_flag": 1, "action_time": "2014-03-14T05:50:38Z", "object_repr": "ming", "object_id": "17", "change_message": "", "user": 1, "content_type": 4}}, {"pk": 21, "model": "admin.logentry", "fields": {"action_flag": 1, "action_time": "2014-03-14T05:51:03Z", "object_repr": "nancy", "object_id": "18", "change_message": "", "user": 1, "content_type": 4}}, {"pk": 22, "model": "admin.logentry", "fields": {"action_flag": 1, "action_time": "2014-03-14T05:51:20Z", "object_repr": "oscar", "object_id": "19", "change_message": "", "user": 1, "content_type": 4}}, {"pk": 23, "model": "admin.logentry", "fields": {"action_flag": 1, "action_time": "2014-03-14T05:51:30Z", "object_repr": "penny", "object_id": "20", "change_message": "", "user": 1, "content_type": 4}}, {"pk": 24, "model": "admin.logentry", "fields": {"action_flag": 1, "action_time": "2014-03-14T05:51:58Z", "object_repr": "quinn", "object_id": "21", "change_message": "", "user": 1, "content_type": 4}}, {"pk": 25, "model": "admin.logentry", "fields": {"action_flag": 1, "action_time": "2014-03-14T05:52:06Z", "object_repr": "romeo", "object_id": "22", "change_message": "", "user": 1, "content_type": 4}}, {"pk": 26, "model": "admin.logentry", "fields": {"action_flag": 1, "action_time": "2014-03-14T05:53:49Z", "object_repr": "sandra", "object_id": "23", "change_message": "", "user": 1, "content_type": 4}}, {"pk": 27, "model": "admin.logentry", "fields": {"action_flag": 1, "action_time": "2014-03-14T05:54:43Z", "object_repr": "trip", "object_id": "24", "change_message": "", "user": 1, "content_type": 4}}, {"pk": 28, "model": "admin.logentry", "fields": {"action_flag": 1, "action_time": "2014-03-14T05:54:58Z", "object_repr": "ulysses", "object_id": "25", "change_message": "", "user": 1, "content_type": 4}}, {"pk": 29, "model": "admin.logentry", "fields": {"action_flag": 1, "action_time": "2014-03-14T05:55:10Z", "object_repr": "victor", "object_id": "26", "change_message": "", "user": 1, "content_type": 4}}, {"pk": 30, "model": "admin.logentry", "fields": {"action_flag": 1, "action_time": "2014-03-14T05:55:25Z", "object_repr": "walter", "object_id": "27", "change_message": "", "user": 1, "content_type": 4}}, {"pk": 31, "model": "admin.logentry", "fields": {"action_flag": 1, "action_time": "2014-03-14T05:56:02Z", "object_repr": "xavier", "object_id": "28", "change_message": "", "user": 1, "content_type": 4}}, {"pk": 32, "model": "admin.logentry", "fields": {"action_flag": 1, "action_time": "2014-03-14T05:56:09Z", "object_repr": "ye", "object_id": "29", "change_message": "", "user": 1, "content_type": 4}}, {"pk": 33, "model": "admin.logentry", "fields": {"action_flag": 1, "action_time": "2014-03-14T05:56:40Z", "object_repr": "zhao", "object_id": "30", "change_message": "", "user": 1, "content_type": 4}}, {"pk": 34, "model": "admin.logentry", "fields": {"action_flag": 2, "action_time": "2014-03-14T05:57:51Z", "object_repr": "ali", "object_id": "7", "change_message": "Changed first_name, last_name and groups.", "user": 1, "content_type": 4}}, {"pk": 35, "model": "admin.logentry", "fields": {"action_flag": 2, "action_time": "2014-03-14T05:58:33Z", "object_repr": "drago", "object_id": "3", "change_message": "Changed first_name, last_name and groups.", "user": 1, "content_type": 4}}, {"pk": 36, "model": "admin.logentry", "fields": {"action_flag": 2, "action_time": "2014-03-14T05:59:15Z", "object_repr": "ming", "object_id": "17", "change_message": "Changed first_name and groups.", "user": 1, "content_type": 4}}, {"pk": 37, "model": "admin.logentry", "fields": {"action_flag": 2, "action_time": "2014-03-14T05:59:40Z", "object_repr": "ivana", "object_id": "14", "change_message": "Changed first_name and groups.", "user": 1, "content_type": 4}}, {"pk": 38, "model": "admin.logentry", "fields": {"action_flag": 1, "action_time": "2014-03-14T06:00:15Z", "object_repr": "pedro", "object_id": "31", "change_message": "", "user": 1, "content_type": 4}}, {"pk": 39, "model": "admin.logentry", "fields": {"action_flag": 2, "action_time": "2014-03-14T06:00:42Z", "object_repr": "pedro", "object_id": "31", "change_message": "Changed first_name and groups.", "user": 1, "content_type": 4}}, {"pk": 40, "model": "admin.logentry", "fields": {"action_flag": 2, "action_time": "2014-03-14T06:00:57Z", "object_repr": "pedro", "object_id": "31", "change_message": "No fields changed.", "user": 1, "content_type": 4}}, {"pk": 41, "model": "admin.logentry", "fields": {"action_flag": 2, "action_time": "2014-03-14T06:01:19Z", "object_repr": "sirk", "object_id": "1", "change_message": "Changed groups.", "user": 1, "content_type": 4}}, {"pk": 42, "model": "admin.logentry", "fields": {"action_flag": 2, "action_time": "2014-03-14T06:01:51Z", "object_repr": "alice", "object_id": "4", "change_message": "Changed first_name and groups.", "user": 1, "content_type": 4}}, {"pk": 43, "model": "admin.logentry", "fields": {"action_flag": 2, "action_time": "2014-03-14T06:02:37Z", "object_repr": "bill", "object_id": "5", "change_message": "Changed first_name and groups.", "user": 1, "content_type": 4}}, {"pk": 44, "model": "admin.logentry", "fields": {"action_flag": 2, "action_time": "2014-03-14T06:03:30Z", "object_repr": "ye", "object_id": "29", "change_message": "Changed first_name and groups.", "user": 1, "content_type": 4}}, {"pk": 45, "model": "admin.logentry", "fields": {"action_flag": 2, "action_time": "2014-03-14T06:03:52Z", "object_repr": "zhao", "object_id": "30", "change_message": "Changed first_name and groups.", "user": 1, "content_type": 4}}, {"pk": 46, "model": "admin.logentry", "fields": {"action_flag": 1, "action_time": "2014-03-14T06:04:47Z", "object_repr": "ali --- ara", "object_id": "1", "change_message": "", "user": 1, "content_type": 7}}, {"pk": 47, "model": "admin.logentry", "fields": {"action_flag": 1, "action_time": "2014-03-14T06:05:00Z", "object_repr": "ali --- eng", "object_id": "2", "change_message": "", "user": 1, "content_type": 7}}, {"pk": 48, "model": "admin.logentry", "fields": {"action_flag": 1, "action_time": "2014-03-14T06:05:11Z", "object_repr": "drago --- rus", "object_id": "3", "change_message": "", "user": 1, "content_type": 7}}, {"pk": 49, "model": "admin.logentry", "fields": {"action_flag": 1, "action_time": "2014-03-14T06:05:24Z", "object_repr": "drago --- eng", "object_id": "4", "change_message": "", "user": 1, "content_type": 7}}, {"pk": 50, "model": "admin.logentry", "fields": {"action_flag": 1, "action_time": "2014-03-14T06:05:32Z", "object_repr": "ivana --- rus", "object_id": "5", "change_message": "", "user": 1, "content_type": 7}}, {"pk": 51, "model": "admin.logentry", "fields": {"action_flag": 1, "action_time": "2014-03-14T06:05:42Z", "object_repr": "ivana --- eng", "object_id": "6", "change_message": "", "user": 1, "content_type": 7}}, {"pk": 52, "model": "admin.logentry", "fields": {"action_flag": 1, "action_time": "2014-03-14T06:06:07Z", "object_repr": "ye --- chi", "object_id": "7", "change_message": "", "user": 1, "content_type": 7}}, {"pk": 53, "model": "admin.logentry", "fields": {"action_flag": 1, "action_time": "2014-03-14T06:06:21Z", "object_repr": "ye --- eng", "object_id": "8", "change_message": "", "user": 1, "content_type": 7}}, {"pk": 54, "model": "admin.logentry", "fields": {"action_flag": 1, "action_time": "2014-03-14T06:06:31Z", "object_repr": "zhao --- chi", "object_id": "9", "change_message": "", "user": 1, "content_type": 7}}, {"pk": 55, "model": "admin.logentry", "fields": {"action_flag": 1, "action_time": "2014-03-14T06:06:41Z", "object_repr": "zhao --- eng", "object_id": "10", "change_message": "", "user": 1, "content_type": 7}}, {"pk": 56, "model": "admin.logentry", "fields": {"action_flag": 1, "action_time": "2014-03-14T06:06:51Z", "object_repr": "pedro --- spa", "object_id": "11", "change_message": "", "user": 1, "content_type": 7}}, {"pk": 57, "model": "admin.logentry", "fields": {"action_flag": 1, "action_time": "2014-03-14T06:07:01Z", "object_repr": "pedro --- eng", "object_id": "12", "change_message": "", "user": 1, "content_type": 7}}, {"pk": 58, "model": "admin.logentry", "fields": {"action_flag": 1, "action_time": "2014-03-14T06:07:21Z", "object_repr": "oscar --- spa", "object_id": "13", "change_message": "", "user": 1, "content_type": 7}}, {"pk": 59, "model": "admin.logentry", "fields": {"action_flag": 1, "action_time": "2014-03-14T06:07:30Z", "object_repr": "oscar --- eng", "object_id": "14", "change_message": "", "user": 1, "content_type": 7}}, {"pk": 60, "model": "admin.logentry", "fields": {"action_flag": 1, "action_time": "2014-03-14T06:07:39Z", "object_repr": "oscar --- por", "object_id": "15", "change_message": "", "user": 1, "content_type": 7}}, {"pk": 61, "model": "admin.logentry", "fields": {"action_flag": 1, "action_time": "2014-03-14T06:07:52Z", "object_repr": "alice --- eng", "object_id": "16", "change_message": "", "user": 1, "content_type": 7}}, {"pk": 62, "model": "admin.logentry", "fields": {"action_flag": 1, "action_time": "2014-03-14T06:07:58Z", "object_repr": "bill --- eng", "object_id": "17", "change_message": "", "user": 1, "content_type": 7}}, {"pk": 63, "model": "admin.logentry", "fields": {"action_flag": 1, "action_time": "2014-03-14T06:08:09Z", "object_repr": "charles --- eng", "object_id": "18", "change_message": "", "user": 1, "content_type": 7}}, {"pk": 64, "model": "admin.logentry", "fields": {"action_flag": 1, "action_time": "2014-03-14T06:08:21Z", "object_repr": "edward --- eng", "object_id": "19", "change_message": "", "user": 1, "content_type": 7}}, {"pk": 65, "model": "admin.logentry", "fields": {"action_flag": 1, "action_time": "2014-03-14T06:08:41Z", "object_repr": "frank --- eng", "object_id": "20", "change_message": "", "user": 1, "content_type": 7}}, {"pk": 66, "model": "admin.logentry", "fields": {"action_flag": 1, "action_time": "2014-03-14T06:08:50Z", "object_repr": "grace --- eng", "object_id": "21", "change_message": "", "user": 1, "content_type": 7}}, {"pk": 67, "model": "admin.logentry", "fields": {"action_flag": 1, "action_time": "2014-03-14T06:09:05Z", "object_repr": "henry --- eng", "object_id": "22", "change_message": "", "user": 1, "content_type": 7}}, {"pk": 68, "model": "admin.logentry", "fields": {"action_flag": 1, "action_time": "2014-03-14T06:09:14Z", "object_repr": "henry --- fre", "object_id": "23", "change_message": "", "user": 1, "content_type": 7}}, {"pk": 69, "model": "admin.logentry", "fields": {"action_flag": 1, "action_time": "2014-03-14T06:09:32Z", "object_repr": "lee --- chi", "object_id": "24", "change_message": "", "user": 1, "content_type": 7}}, {"pk": 70, "model": "admin.logentry", "fields": {"action_flag": 1, "action_time": "2014-03-14T06:09:38Z", "object_repr": "lee --- eng", "object_id": "25", "change_message": "", "user": 1, "content_type": 7}}, {"pk": 71, "model": "admin.logentry", "fields": {"action_flag": 1, "action_time": "2014-03-14T06:09:51Z", "object_repr": "romeo --- eng", "object_id": "26", "change_message": "", "user": 1, "content_type": 7}}, {"pk": 72, "model": "admin.logentry", "fields": {"action_flag": 1, "action_time": "2014-03-14T06:10:01Z", "object_repr": "romeo --- ita", "object_id": "27", "change_message": "", "user": 1, "content_type": 7}}, {"pk": 73, "model": "admin.logentry", "fields": {"action_flag": 1, "action_time": "2014-03-14T06:10:12Z", "object_repr": "romeo --- spa", "object_id": "28", "change_message": "", "user": 1, "content_type": 7}}, {"pk": 74, "model": "admin.logentry", "fields": {"action_flag": 1, "action_time": "2014-03-14T06:10:23Z", "object_repr": "sandra --- eng", "object_id": "29", "change_message": "", "user": 1, "content_type": 7}}, {"pk": 75, "model": "admin.logentry", "fields": {"action_flag": 1, "action_time": "2014-03-14T06:10:34Z", "object_repr": "trip --- eng", "object_id": "30", "change_message": "", "user": 1, "content_type": 7}}, {"pk": 76, "model": "admin.logentry", "fields": {"action_flag": 1, "action_time": "2014-03-14T06:10:45Z", "object_repr": "ulysses --- eng", "object_id": "31", "change_message": "", "user": 1, "content_type": 7}}, {"pk": 77, "model": "admin.logentry", "fields": {"action_flag": 1, "action_time": "2014-03-14T06:11:24Z", "object_repr": "walter --- eng", "object_id": "32", "change_message": "", "user": 1, "content_type": 7}}, {"pk": 78, "model": "admin.logentry", "fields": {"action_flag": 1, "action_time": "2014-03-14T06:11:36Z", "object_repr": "walter --- ger", "object_id": "33", "change_message": "", "user": 1, "content_type": 7}}, {"pk": 79, "model": "admin.logentry", "fields": {"action_flag": 1, "action_time": "2014-03-14T06:11:44Z", "object_repr": "henry --- fre", "object_id": "34", "change_message": "", "user": 1, "content_type": 7}}, {"pk": 80, "model": "admin.logentry", "fields": {"action_flag": 1, "action_time": "2014-03-14T06:11:54Z", "object_repr": "xavier --- eng", "object_id": "35", "change_message": "", "user": 1, "content_type": 7}}, {"pk": 81, "model": "admin.logentry", "fields": {"action_flag": 1, "action_time": "2014-03-14T06:12:19Z", "object_repr": "xavier --- fre", "object_id": "36", "change_message": "", "user": 1, "content_type": 7}}, {"pk": 82, "model": "admin.logentry", "fields": {"action_flag": 1, "action_time": "2014-03-14T06:12:30Z", "object_repr": "penny --- eng", "object_id": "37", "change_message": "", "user": 1, "content_type": 7}}, {"pk": 83, "model": "admin.logentry", "fields": {"action_flag": 1, "action_time": "2014-03-14T06:15:35Z", "object_repr": "EXAM # 11111", "object_id": "1", "change_message": "", "user": 1, "content_type": 15}}, {"pk": 84, "model": "admin.logentry", "fields": {"action_flag": 1, "action_time": "2014-03-14T06:17:34Z", "object_repr": "EXAM # 22222", "object_id": "2", "change_message": "", "user": 1, "content_type": 15}}, {"pk": 85, "model": "admin.logentry", "fields": {"action_flag": 1, "action_time": "2014-03-14T06:19:18Z", "object_repr": "EXAM # 33333", "object_id": "3", "change_message": "", "user": 1, "content_type": 15}}, {"pk": 86, "model": "admin.logentry", "fields": {"action_flag": 1, "action_time": "2014-03-14T06:20:24Z", "object_repr": "EXAM # 44444", "object_id": "4", "change_message": "", "user": 1, "content_type": 15}}, {"pk": 87, "model": "admin.logentry", "fields": {"action_flag": 1, "action_time": "2014-03-14T06:22:07Z", "object_repr": "Discrepancy object", "object_id": "1", "change_message": "", "user": 1, "content_type": 19}}, {"pk": 88, "model": "admin.logentry", "fields": {"action_flag": 2, "action_time": "2014-03-14T06:22:29Z", "object_repr": "Discrepancy object", "object_id": "1", "change_message": "Changed text.", "user": 1, "content_type": 19}}, {"pk": 89, "model": "admin.logentry", "fields": {"action_flag": 1, "action_time": "2014-03-14T06:22:58Z", "object_repr": "Discrepancy object", "object_id": "2", "change_message": "", "user": 1, "content_type": 19}}, {"pk": 90, "model": "admin.logentry", "fields": {"action_flag": 1, "action_time": "2014-03-14T06:23:25Z", "object_repr": "Discrepancy object", "object_id": "3", "change_message": "", "user": 1, "content_type": 19}}, {"pk": 91, "model": "admin.logentry", "fields": {"action_flag": 1, "action_time": "2014-03-14T06:24:10Z", "object_repr": "Discrepancy object", "object_id": "4", "change_message": "", "user": 1, "content_type": 19}}, {"pk": 92, "model": "admin.logentry", "fields": {"action_flag": 1, "action_time": "2014-03-14T06:24:44Z", "object_repr": "GraderQueue object", "object_id": "1", "change_message": "", "user": 1, "content_type": 16}}, {"pk": 93, "model": "admin.logentry", "fields": {"action_flag": 1, "action_time": "2014-03-14T06:24:51Z", "object_repr": "GraderQueue object", "object_id": "2", "change_message": "", "user": 1, "content_type": 16}}, {"pk": 94, "model": "admin.logentry", "fields": {"action_flag": 1, "action_time": "2014-03-14T06:24:55Z", "object_repr": "GraderQueue object", "object_id": "3", "change_message": "", "user": 1, "content_type": 16}}, {"pk": 95, "model": "admin.logentry", "fields": {"action_flag": 1, "action_time": "2014-03-14T06:24:59Z", "object_repr": "GraderQueue object", "object_id": "4", "change_message": "", "user": 1, "content_type": 16}}, {"pk": 96, "model": "admin.logentry", "fields": {"action_flag": 1, "action_time": "2014-03-14T06:27:47Z", "object_repr": "sourceDiscrepancyQueue object", "object_id": "1", "change_message": "", "user": 1, "content_type": 13}}, {"pk": 97, "model": "admin.logentry", "fields": {"action_flag": 1, "action_time": "2014-03-14T06:29:50Z", "object_repr": "sourceDiscrepancyQueue object", "object_id": "2", "change_message": "", "user": 1, "content_type": 13}}, {"pk": 98, "model": "admin.logentry", "fields": {"action_flag": 1, "action_time": "2014-03-14T06:30:38Z", "object_repr": "TargetReviewQueue object", "object_id": "1", "change_message": "", "user": 1, "content_type": 17}}, {"pk": 99, "model": "admin.logentry", "fields": {"action_flag": 1, "action_time": "2014-03-14T06:31:07Z", "object_repr": "TargetReviewQueue object", "object_id": "2", "change_message": "", "user": 1, "content_type": 17}}, {"pk": 100, "model": "admin.logentry", "fields": {"action_flag": 1, "action_time": "2014-03-14T06:31:26Z", "object_repr": "TargetReviewQueue object", "object_id": "3", "change_message": "", "user": 1, "content_type": 17}}, {"pk": 101, "model": "admin.logentry", "fields": {"action_flag": 1, "action_time": "2014-03-14T06:31:48Z", "object_repr": "TargetReviewQueue object", "object_id": "4", "change_message": "", "user": 1, "content_type": 17}}, {"pk": 102, "model": "admin.logentry", "fields": {"action_flag": 2, "action_time": "2014-03-14T06:32:28Z", "object_repr": "ali", "object_id": "7", "change_message": "Changed groups.", "user": 1, "content_type": 4}}, {"pk": 103, "model": "admin.logentry", "fields": {"action_flag": 2, "action_time": "2014-03-14T06:32:41Z", "object_repr": "drago", "object_id": "3", "change_message": "Changed groups.", "user": 1, "content_type": 4}}, {"pk": 104, "model": "admin.logentry", "fields": {"action_flag": 2, "action_time": "2014-03-14T06:32:55Z", "object_repr": "ivana", "object_id": "14", "change_message": "Changed groups.", "user": 1, "content_type": 4}}, {"pk": 105, "model": "admin.logentry", "fields": {"action_flag": 2, "action_time": "2014-03-14T06:33:13Z", "object_repr": "lee", "object_id": "9", "change_message": "Changed groups.", "user": 1, "content_type": 4}}, {"pk": 106, "model": "admin.logentry", "fields": {"action_flag": 2, "action_time": "2014-03-14T06:33:31Z", "object_repr": "ming", "object_id": "17", "change_message": "Changed groups.", "user": 1, "content_type": 4}}, {"pk": 107, "model": "admin.logentry", "fields": {"action_flag": 2, "action_time": "2014-03-14T06:33:45Z", "object_repr": "oscar", "object_id": "19", "change_message": "Changed groups.", "user": 1, "content_type": 4}}, {"pk": 108, "model": "admin.logentry", "fields": {"action_flag": 2, "action_time": "2014-03-14T06:33:55Z", "object_repr": "pedro", "object_id": "31", "change_message": "Changed groups.", "user": 1, "content_type": 4}}, {"pk": 109, "model": "admin.logentry", "fields": {"action_flag": 2, "action_time": "2014-03-14T06:34:20Z", "object_repr": "romeo", "object_id": "22", "change_message": "Changed groups.", "user": 1, "content_type": 4}}, {"pk": 110, "model": "admin.logentry", "fields": {"action_flag": 2, "action_time": "2014-03-14T06:34:51Z", "object_repr": "sandra", "object_id": "23", "change_message": "Changed groups.", "user": 1, "content_type": 4}}, {"pk": 111, "model": "admin.logentry", "fields": {"action_flag": 2, "action_time": "2014-03-14T06:35:06Z", "object_repr": "ulysses", "object_id": "25", "change_message": "Changed groups.", "user": 1, "content_type": 4}}, {"pk": 112, "model": "admin.logentry", "fields": {"action_flag": 2, "action_time": "2014-03-14T06:35:20Z", "object_repr": "victor", "object_id": "26", "change_message": "Changed groups.", "user": 1, "content_type": 4}}, {"pk": 113, "model": "admin.logentry", "fields": {"action_flag": 2, "action_time": "2014-03-14T06:35:34Z", "object_repr": "walter", "object_id": "27", "change_message": "Changed groups.", "user": 1, "content_type": 4}}, {"pk": 114, "model": "admin.logentry", "fields": {"action_flag": 2, "action_time": "2014-03-14T06:35:56Z", "object_repr": "xavier", "object_id": "28", "change_message": "Changed groups.", "user": 1, "content_type": 4}}, {"pk": 115, "model": "admin.logentry", "fields": {"action_flag": 2, "action_time": "2014-03-14T06:36:12Z", "object_repr": "ye", "object_id": "29", "change_message": "Changed groups.", "user": 1, "content_type": 4}}, {"pk": 116, "model": "admin.logentry", "fields": {"action_flag": 2, "action_time": "2014-03-14T06:36:26Z", "object_repr": "zhao", "object_id": "30", "change_message": "Changed groups.", "user": 1, "content_type": 4}}, {"pk": 117, "model": "admin.logentry", "fields": {"action_flag": 1, "action_time": "2014-03-14T06:37:22Z", "object_repr": "sandra --- ara", "object_id": "38", "change_message": "", "user": 1, "content_type": 7}}, {"pk": 118, "model": "admin.logentry", "fields": {"action_flag": 2, "action_time": "2014-03-21T21:43:48Z", "object_repr": "sirk", "object_id": "1", "change_message": "Changed password.", "user": 1, "content_type": 4}}, {"pk": 119, "model": "admin.logentry", "fields": {"action_flag": 2, "action_time": "2014-03-21T21:44:10Z", "object_repr": "sirk", "object_id": "1", "change_message": "Changed password.", "user": 1, "content_type": 4}}]